{"packages":{"hackification\/log":{"1.0.2":{"name":"hackification\/log","description":"Common interface for logging libraries","keywords":["log","psr","psr-3","hack","hacklang"],"homepage":"https:\/\/github.com\/hackification\/log","version":"1.0.2","version_normalized":"1.0.2.0","license":["MIT"],"authors":[{"name":"PHP-FIG","homepage":"http:\/\/www.php-fig.org\/"}],"source":{"type":"git","url":"https:\/\/github.com\/hackification\/log.git","reference":"75b02e14bd8e5b8ded75de91d7eb9df6046f7fa7"},"dist":{"type":"zip","url":"https:\/\/api.github.com\/repos\/hackification\/log\/zipball\/75b02e14bd8e5b8ded75de91d7eb9df6046f7fa7","reference":"75b02e14bd8e5b8ded75de91d7eb9df6046f7fa7","shasum":""},"type":"library","time":"2016-11-08T15:32:34+00:00","autoload":{"psr-4":{"Psr\\Log\\":"Psr\/Log\/"}},"extra":{"branch-alias":{"dev-master":"1.0.x-dev"}},"require":{"hhvm":">=3.0.0"},"replace":{"psr\/log":"*"},"uid":1072563},"dev-master":{"name":"hackification\/log","description":"Common interface for logging libraries","keywords":["log","psr","psr-3","hack","hacklang"],"homepage":"https:\/\/github.com\/hackification\/log","version":"dev-master","version_normalized":"9999999-dev","license":["MIT"],"authors":[{"name":"PHP-FIG","homepage":"http:\/\/www.php-fig.org\/"}],"source":{"type":"git","url":"https:\/\/github.com\/hackification\/log.git","reference":"75b02e14bd8e5b8ded75de91d7eb9df6046f7fa7"},"dist":{"type":"zip","url":"https:\/\/api.github.com\/repos\/hackification\/log\/zipball\/75b02e14bd8e5b8ded75de91d7eb9df6046f7fa7","reference":"75b02e14bd8e5b8ded75de91d7eb9df6046f7fa7","shasum":""},"type":"library","time":"2016-11-08T15:32:34+00:00","autoload":{"psr-4":{"Psr\\Log\\":"Psr\/Log\/"}},"extra":{"branch-alias":{"dev-master":"1.0.x-dev"}},"require":{"hhvm":">=3.0.0"},"replace":{"psr\/log":"*"},"uid":1072564}},"mobio\/target":{"0.0.5":{"name":"mobio\/target","description":"PHP library for myTarget API","keywords":["php","myTarget"],"homepage":"","version":"0.0.5","version_normalized":"0.0.5.0","license":["MIT"],"authors":[],"source":{"type":"git","url":"https:\/\/github.com\/MobioInc\/target.git","reference":"5baeaae1aa7d85c5b5fd4e33a06608a1de93d73b"},"dist":{"type":"zip","url":"https:\/\/api.github.com\/repos\/MobioInc\/target\/zipball\/5baeaae1aa7d85c5b5fd4e33a06608a1de93d73b","reference":"5baeaae1aa7d85c5b5fd4e33a06608a1de93d73b","shasum":""},"type":"library","time":"2016-10-31T08:52:52+00:00","autoload":{"psr-4":{"Mobio\\Target\\":"src\/"}},"require":{"php":">=5.5.0","psr\/log":"~1.0","guzzlehttp\/guzzle":"^6.1"},"require-dev":{"phpunit\/phpunit":"^5.5"},"provide":{"psr\/log":"1.0.0"},"uid":1060012},"dev-master":{"name":"mobio\/target","description":"PHP library for myTarget API","keywords":["php","myTarget"],"homepage":"","version":"dev-master","version_normalized":"9999999-dev","license":["MIT"],"authors":[],"source":{"type":"git","url":"https:\/\/github.com\/MobioInc\/target.git","reference":"70aa382ca6d3ba3b5a834bbe85d3fc2cbfec965f"},"dist":{"type":"zip","url":"https:\/\/api.github.com\/repos\/MobioInc\/target\/zipball\/70aa382ca6d3ba3b5a834bbe85d3fc2cbfec965f","reference":"70aa382ca6d3ba3b5a834bbe85d3fc2cbfec965f","shasum":""},"type":"library","time":"2017-02-13T18:53:10+00:00","autoload":{"psr-4":{"Mobio\\Target\\":"src\/"}},"require":{"php":">=5.5.0","guzzlehttp\/guzzle":"^6.1","psr\/log":"~1.0"},"require-dev":{"phpunit\/phpunit":"^5.5"},"provide":{"psr\/log":"1.0.0"},"uid":700331}},"psr\/log":{"1.0.0":{"name":"psr\/log","description":"Common interface for logging libraries","keywords":["log","psr","psr-3"],"homepage":"","version":"1.0.0","version_normalized":"1.0.0.0","license":["MIT"],"authors":[{"name":"PHP-FIG","homepage":"http:\/\/www.php-fig.org\/"}],"source":{"type":"git","url":"https:\/\/github.com\/php-fig\/log.git","reference":"fe0936ee26643249e916849d48e3a51d5f5e278b"},"dist":{"type":"zip","url":"https:\/\/api.github.com\/repos\/php-fig\/log\/zipball\/fe0936ee26643249e916849d48e3a51d5f5e278b","reference":"fe0936ee26643249e916849d48e3a51d5f5e278b","shasum":""},"type":"library","time":"2012-12-21T11:40:51+00:00","autoload":{"psr-0":{"Psr\\Log\\":""}},"uid":29358},"1.0.1":{"name":"psr\/log","description":"Common interface for logging libraries","keywords":["log","psr","psr-3"],"homepage":"https:\/\/github.com\/php-fig\/log","version":"1.0.1","version_normalized":"1.0.1.0","license":["MIT"],"authors":[{"name":"PHP-FIG","homepage":"http:\/\/www.php-fig.org\/"}],"source":{"type":"git","url":"https:\/\/github.com\/php-fig\/log.git","reference":"5277094ed527a1c4477177d102fe4c53551953e0"},"dist":{"type":"zip","url":"https:\/\/api.github.com\/repos\/php-fig\/log\/zipball\/5277094ed527a1c4477177d102fe4c53551953e0","reference":"5277094ed527a1c4477177d102fe4c53551953e0","shasum":""},"type":"library","time":"2016-09-19T16:02:08+00:00","autoload":{"psr-4":{"Psr\\Log\\":"Psr\/Log\/"}},"extra":{"branch-alias":{"dev-master":"1.0.x-dev"}},"require":{"php":">=5.3.0"},"uid":1000789},"1.0.2":{"name":"psr\/log","description":"Common interface for logging libraries","keywords":["log","psr","psr-3"],"homepage":"https:\/\/github.com\/php-fig\/log","version":"1.0.2","version_normalized":"1.0.2.0","license":["MIT"],"authors":[{"name":"PHP-FIG","homepage":"http:\/\/www.php-fig.org\/"}],"source":{"type":"git","url":"https:\/\/github.com\/php-fig\/log.git","reference":"4ebe3a8bf773a19edfe0a84b6585ba3d401b724d"},"dist":{"type":"zip","url":"https:\/\/api.github.com\/repos\/php-fig\/log\/zipball\/4ebe3a8bf773a19edfe0a84b6585ba3d401b724d","reference":"4ebe3a8bf773a19edfe0a84b6585ba3d401b724d","shasum":""},"type":"library","time":"2016-10-10T12:19:37+00:00","autoload":{"psr-4":{"Psr\\Log\\":"Psr\/Log\/"}},"extra":{"branch-alias":{"dev-master":"1.0.x-dev"}},"require":{"php":">=5.3.0"},"uid":1029935},"dev-master":{"name":"psr\/log","description":"Common interface for logging libraries","keywords":["log","psr","psr-3"],"homepage":"https:\/\/github.com\/php-fig\/log","version":"dev-master","version_normalized":"9999999-dev","license":["MIT"],"authors":[{"name":"PHP-FIG","homepage":"http:\/\/www.php-fig.org\/"}],"source":{"type":"git","url":"https:\/\/github.com\/php-fig\/log.git","reference":"4ebe3a8bf773a19edfe0a84b6585ba3d401b724d"},"dist":{"type":"zip","url":"https:\/\/api.github.com\/repos\/php-fig\/log\/zipball\/4ebe3a8bf773a19edfe0a84b6585ba3d401b724d","reference":"4ebe3a8bf773a19edfe0a84b6585ba3d401b724d","shasum":""},"type":"library","time":"2016-10-10T12:19:37+00:00","autoload":{"psr-4":{"Psr\\Log\\":"Psr\/Log\/"}},"extra":{"branch-alias":{"dev-master":"1.0.x-dev"}},"require":{"php":">=5.3.0"},"uid":29285}},"wedeto\/log":{"v0.9.1":{"name":"wedeto\/log","description":"Wedeto Platform - Logger","keywords":[],"homepage":"https:\/\/wedeto.net\/","version":"v0.9.1","version_normalized":"0.9.1.0","license":["MIT"],"authors":[{"name":"Egbert van der Wal","email":"ewal@pointpro.nl"}],"source":{"type":"git","url":"https:\/\/github.com\/Wedeto\/Log.git","reference":"acc7f4aa66965dd2627a3886c9ac8b0d77b0a268"},"dist":{"type":"zip","url":"https:\/\/api.github.com\/repos\/Wedeto\/Log\/zipball\/acc7f4aa66965dd2627a3886c9ac8b0d77b0a268","reference":"acc7f4aa66965dd2627a3886c9ac8b0d77b0a268","shasum":""},"type":"library","time":"2017-04-10T12:31:55+00:00","autoload":{"psr-4":{"Wedeto\\Log\\":"src\/"}},"require":{"psr\/log":"1.0.*","wedeto\/util":"0.9.*","php":">=7.0.0"},"require-dev":{"mikey179\/vfsstream":"~1"},"provide":{"psr\/log":"1.0.*"},"uid":1336127},"v0.9.2":{"name":"wedeto\/log","description":"Wedeto Platform - Logger","keywords":[],"homepage":"https:\/\/wedeto.net\/","version":"v0.9.2","version_normalized":"0.9.2.0","license":["MIT"],"authors":[{"name":"Egbert van der Wal","email":"ewal@pointpro.nl"}],"source":{"type":"git","url":"https:\/\/github.com\/Wedeto\/Log.git","reference":"55e6b03f0b446b7054078fd8a680ad1499d26264"},"dist":{"type":"zip","url":"https:\/\/api.github.com\/repos\/Wedeto\/Log\/zipball\/55e6b03f0b446b7054078fd8a680ad1499d26264","reference":"55e6b03f0b446b7054078fd8a680ad1499d26264","shasum":""},"type":"library","time":"2017-04-10T18:15:36+00:00","autoload":{"psr-4":{"Wedeto\\Log\\":"src\/"}},"require":{"psr\/log":"1.0.*","wedeto\/util":"0.9.*","php":">=7.0.0"},"require-dev":{"mikey179\/vfsstream":"~1"},"provide":{"psr\/log":"1.0.*"},"uid":1336697}}}}