{"packages":{"mockery\/mockery":{"0.7.2":{"name":"mockery\/mockery","description":"Mockery is a simple yet flexible PHP mock object framework for use in unit testing with PHPUnit, PHPSpec or any other testing framework. Its core goal is to offer a test double framework with a succint API capable of clearly defining all possible object operations and interactions using a human readable Domain Specific Language (DSL). Designed as a drop in alternative to PHPUnit's phpunit-mock-objects library, Mockery is easy to integrate with PHPUnit and can operate alongside phpunit-mock-objects without the World ending.","keywords":["testing","library","BDD","TDD","test","mockery","mock","stub","test double","mock objects"],"homepage":"http:\/\/github.com\/padraic\/mockery","version":"0.7.2","version_normalized":"0.7.2.0","license":["New BSD"],"authors":[{"name":"P\u00e1draic Brady","email":"padraic.brady@gmail.com","homepage":"http:\/\/blog.astrumfutura.com"}],"source":{"type":"git","url":"https:\/\/github.com\/mockery\/mockery.git","reference":"10ef0f8a63392f244e5b19de261b6a08eb8e4109"},"dist":{"type":"zip","url":"https:\/\/api.github.com\/repos\/mockery\/mockery\/zipball\/10ef0f8a63392f244e5b19de261b6a08eb8e4109","reference":"10ef0f8a63392f244e5b19de261b6a08eb8e4109","shasum":""},"type":"library","time":"2012-01-24T20:22:39+00:00","autoload":{"psr-0":{"Mockery":"library\/"}},"require":{"php":">=5.3.2"},"suggest":{"Hamcrest":"1.0.0"},"uid":6051},"0.8.0":{"name":"mockery\/mockery","description":"Mockery is a simple yet flexible PHP mock object framework for use in unit testing with PHPUnit, PHPSpec or any other testing framework. Its core goal is to offer a test double framework with a succint API capable of clearly defining all possible object operations and interactions using a human readable Domain Specific Language (DSL). Designed as a drop in alternative to PHPUnit's phpunit-mock-objects library, Mockery is easy to integrate with PHPUnit and can operate alongside phpunit-mock-objects without the World ending.","keywords":["testing","library","BDD","TDD","test","mockery","mock","stub","test double","mock objects"],"homepage":"http:\/\/github.com\/padraic\/mockery","version":"0.8.0","version_normalized":"0.8.0.0","license":["BSD-3-Clause"],"authors":[{"name":"P\u00e1draic Brady","email":"padraic.brady@gmail.com","homepage":"http:\/\/blog.astrumfutura.com"}],"source":{"type":"git","url":"https:\/\/github.com\/mockery\/mockery.git","reference":"35f0e18022f5538df9df8920a3d96c1761d63220"},"dist":{"type":"zip","url":"https:\/\/api.github.com\/repos\/mockery\/mockery\/zipball\/35f0e18022f5538df9df8920a3d96c1761d63220","reference":"35f0e18022f5538df9df8920a3d96c1761d63220","shasum":""},"type":"library","time":"2013-04-01T12:13:17+00:00","autoload":{"psr-0":{"Mockery":"library\/"}},"require":{"php":">=5.3.2"},"require-dev":{"hamcrest\/hamcrest":"1.1.0"},"uid":46281},"0.9.0":{"name":"mockery\/mockery","description":"Mockery is a simple yet flexible PHP mock object framework for use in unit testing with PHPUnit, PHPSpec or any other testing framework. Its core goal is to offer a test double framework with a succint API capable of clearly defining all possible object operations and interactions using a human readable Domain Specific Language (DSL). Designed as a drop in alternative to PHPUnit's phpunit-mock-objects library, Mockery is easy to integrate with PHPUnit and can operate alongside phpunit-mock-objects without the World ending.","keywords":["testing","library","BDD","TDD","test","mockery","mock","stub","test double","mock objects"],"homepage":"http:\/\/github.com\/padraic\/mockery","version":"0.9.0","version_normalized":"0.9.0.0","license":["BSD-3-Clause"],"authors":[{"name":"P\u00e1draic Brady","email":"padraic.brady@gmail.com","homepage":"http:\/\/blog.astrumfutura.com"},{"name":"Dave Marshall","email":"dave.marshall@atstsolutions.co.uk","homepage":"http:\/\/davedevelopment.co.uk"}],"source":{"type":"git","url":"https:\/\/github.com\/mockery\/mockery.git","reference":"0fd49fd3f6c984409802004b1dd7b55d0f35ce4a"},"dist":{"type":"zip","url":"https:\/\/api.github.com\/repos\/mockery\/mockery\/zipball\/0fd49fd3f6c984409802004b1dd7b55d0f35ce4a","reference":"0fd49fd3f6c984409802004b1dd7b55d0f35ce4a","shasum":""},"type":"library","time":"2014-02-05T21:30:08+00:00","autoload":{"psr-0":{"Mockery":"library\/"}},"extra":{"branch-alias":{"dev-master":"0.9.x-dev"}},"require":{"php":">=5.3.2","lib-pcre":">=7.0"},"require-dev":{"hamcrest\/hamcrest-php":"~1.1","satooshi\/php-coveralls":"dev-master"},"uid":129926},"0.9.1":{"name":"mockery\/mockery","description":"Mockery is a simple yet flexible PHP mock object framework for use in unit testing with PHPUnit, PHPSpec or any other testing framework. Its core goal is to offer a test double framework with a succint API capable of clearly defining all possible object operations and interactions using a human readable Domain Specific Language (DSL). Designed as a drop in alternative to PHPUnit's phpunit-mock-objects library, Mockery is easy to integrate with PHPUnit and can operate alongside phpunit-mock-objects without the World ending.","keywords":["testing","library","BDD","TDD","test","mockery","mock","stub","test double","mock objects"],"homepage":"http:\/\/github.com\/padraic\/mockery","version":"0.9.1","version_normalized":"0.9.1.0","license":["BSD-3-Clause"],"authors":[{"name":"P\u00e1draic Brady","email":"padraic.brady@gmail.com","homepage":"http:\/\/blog.astrumfutura.com"},{"name":"Dave Marshall","email":"dave.marshall@atstsolutions.co.uk","homepage":"http:\/\/davedevelopment.co.uk"}],"source":{"type":"git","url":"https:\/\/github.com\/mockery\/mockery.git","reference":"17f63ee40ed14a8afb7ba1f0ae15cc4491d719d1"},"dist":{"type":"zip","url":"https:\/\/api.github.com\/repos\/mockery\/mockery\/zipball\/17f63ee40ed14a8afb7ba1f0ae15cc4491d719d1","reference":"17f63ee40ed14a8afb7ba1f0ae15cc4491d719d1","shasum":""},"type":"library","time":"2014-05-02T12:16:45+00:00","autoload":{"psr-0":{"Mockery":"library\/"}},"extra":{"branch-alias":{"dev-master":"0.9.x-dev"}},"require":{"php":">=5.3.2","lib-pcre":">=7.0"},"require-dev":{"phpunit\/phpunit":"~4.0","hamcrest\/hamcrest-php":"~1.1","satooshi\/php-coveralls":"~0.7@dev"},"uid":167109},"0.9.2":{"name":"mockery\/mockery","description":"Mockery is a simple yet flexible PHP mock object framework for use in unit testing with PHPUnit, PHPSpec or any other testing framework. Its core goal is to offer a test double framework with a succint API capable of clearly defining all possible object operations and interactions using a human readable Domain Specific Language (DSL). Designed as a drop in alternative to PHPUnit's phpunit-mock-objects library, Mockery is easy to integrate with PHPUnit and can operate alongside phpunit-mock-objects without the World ending.","keywords":["testing","library","BDD","TDD","test","mockery","mock","stub","test double","mock objects"],"homepage":"http:\/\/github.com\/padraic\/mockery","version":"0.9.2","version_normalized":"0.9.2.0","license":["BSD-3-Clause"],"authors":[{"name":"P\u00e1draic Brady","email":"padraic.brady@gmail.com","homepage":"http:\/\/blog.astrumfutura.com"},{"name":"Dave Marshall","email":"dave.marshall@atstsolutions.co.uk","homepage":"http:\/\/davedevelopment.co.uk"}],"source":{"type":"git","url":"https:\/\/github.com\/mockery\/mockery.git","reference":"95a4855380dc70176c51807c678fb3bd6198529a"},"dist":{"type":"zip","url":"https:\/\/api.github.com\/repos\/mockery\/mockery\/zipball\/95a4855380dc70176c51807c678fb3bd6198529a","reference":"95a4855380dc70176c51807c678fb3bd6198529a","shasum":""},"type":"library","time":"2014-09-03T10:11:10+00:00","autoload":{"psr-0":{"Mockery":"library\/"}},"extra":{"branch-alias":{"dev-master":"0.9.x-dev"}},"require":{"php":">=5.3.2","lib-pcre":">=7.0"},"require-dev":{"phpunit\/phpunit":"~4.0","hamcrest\/hamcrest-php":"~1.1","satooshi\/php-coveralls":"~0.7@dev"},"uid":228594},"0.9.3":{"name":"mockery\/mockery","description":"Mockery is a simple yet flexible PHP mock object framework for use in unit testing with PHPUnit, PHPSpec or any other testing framework. Its core goal is to offer a test double framework with a succint API capable of clearly defining all possible object operations and interactions using a human readable Domain Specific Language (DSL). Designed as a drop in alternative to PHPUnit's phpunit-mock-objects library, Mockery is easy to integrate with PHPUnit and can operate alongside phpunit-mock-objects without the World ending.","keywords":["testing","library","BDD","TDD","test","mockery","mock","stub","test double","mock objects"],"homepage":"http:\/\/github.com\/padraic\/mockery","version":"0.9.3","version_normalized":"0.9.3.0","license":["BSD-3-Clause"],"authors":[{"name":"P\u00e1draic Brady","email":"padraic.brady@gmail.com","homepage":"http:\/\/blog.astrumfutura.com"},{"name":"Dave Marshall","email":"dave.marshall@atstsolutions.co.uk","homepage":"http:\/\/davedevelopment.co.uk"}],"source":{"type":"git","url":"https:\/\/github.com\/mockery\/mockery.git","reference":"686f85fa5b3b079cc0157d7cd3e9adb97f0b41e1"},"dist":{"type":"zip","url":"https:\/\/api.github.com\/repos\/mockery\/mockery\/zipball\/686f85fa5b3b079cc0157d7cd3e9adb97f0b41e1","reference":"686f85fa5b3b079cc0157d7cd3e9adb97f0b41e1","shasum":""},"type":"library","time":"2014-12-22T10:06:19+00:00","autoload":{"psr-0":{"Mockery":"library\/"}},"extra":{"branch-alias":{"dev-master":"0.9.x-dev"}},"require":{"php":">=5.3.2","lib-pcre":">=7.0"},"require-dev":{"phpunit\/phpunit":"~4.0","hamcrest\/hamcrest-php":"~1.1","satooshi\/php-coveralls":"~0.7@dev"},"uid":293093},"0.9.4":{"name":"mockery\/mockery","description":"Mockery is a simple yet flexible PHP mock object framework for use in unit testing with PHPUnit, PHPSpec or any other testing framework. Its core goal is to offer a test double framework with a succinct API capable of clearly defining all possible object operations and interactions using a human readable Domain Specific Language (DSL). Designed as a drop in alternative to PHPUnit's phpunit-mock-objects library, Mockery is easy to integrate with PHPUnit and can operate alongside phpunit-mock-objects without the World ending.","keywords":["testing","library","BDD","TDD","test","mockery","mock","stub","test double","mock objects"],"homepage":"http:\/\/github.com\/padraic\/mockery","version":"0.9.4","version_normalized":"0.9.4.0","license":["BSD-3-Clause"],"authors":[{"name":"P\u00e1draic Brady","email":"padraic.brady@gmail.com","homepage":"http:\/\/blog.astrumfutura.com"},{"name":"Dave Marshall","email":"dave.marshall@atstsolutions.co.uk","homepage":"http:\/\/davedevelopment.co.uk"}],"source":{"type":"git","url":"https:\/\/github.com\/mockery\/mockery.git","reference":"70bba85e4aabc9449626651f48b9018ede04f86b"},"dist":{"type":"zip","url":"https:\/\/api.github.com\/repos\/mockery\/mockery\/zipball\/70bba85e4aabc9449626651f48b9018ede04f86b","reference":"70bba85e4aabc9449626651f48b9018ede04f86b","shasum":""},"type":"library","time":"2015-04-02T19:54:00+00:00","autoload":{"psr-0":{"Mockery":"library\/"}},"extra":{"branch-alias":{"dev-master":"0.9.x-dev"}},"require":{"php":">=5.3.2","lib-pcre":">=7.0","hamcrest\/hamcrest-php":"~1.1"},"require-dev":{"phpunit\/phpunit":"~4.0"},"uid":373084},"0.9.5":{"name":"mockery\/mockery","description":"Mockery is a simple yet flexible PHP mock object framework for use in unit testing with PHPUnit, PHPSpec or any other testing framework. Its core goal is to offer a test double framework with a succinct API capable of clearly defining all possible object operations and interactions using a human readable Domain Specific Language (DSL). Designed as a drop in alternative to PHPUnit's phpunit-mock-objects library, Mockery is easy to integrate with PHPUnit and can operate alongside phpunit-mock-objects without the World ending.","keywords":["testing","library","BDD","TDD","test","mockery","mock","stub","test double","mock objects"],"homepage":"http:\/\/github.com\/padraic\/mockery","version":"0.9.5","version_normalized":"0.9.5.0","license":["BSD-3-Clause"],"authors":[{"name":"P\u00e1draic Brady","email":"padraic.brady@gmail.com","homepage":"http:\/\/blog.astrumfutura.com"},{"name":"Dave Marshall","email":"dave.marshall@atstsolutions.co.uk","homepage":"http:\/\/davedevelopment.co.uk"}],"source":{"type":"git","url":"https:\/\/github.com\/mockery\/mockery.git","reference":"4db079511a283e5aba1b3c2fb19037c645e70fc2"},"dist":{"type":"zip","url":"https:\/\/api.github.com\/repos\/mockery\/mockery\/zipball\/4db079511a283e5aba1b3c2fb19037c645e70fc2","reference":"4db079511a283e5aba1b3c2fb19037c645e70fc2","shasum":""},"type":"library","time":"2016-05-22T21:52:33+00:00","autoload":{"psr-0":{"Mockery":"library\/"}},"extra":{"branch-alias":{"dev-master":"0.9.x-dev"}},"require":{"php":">=5.3.2","lib-pcre":">=7.0","hamcrest\/hamcrest-php":"~1.1"},"require-dev":{"phpunit\/phpunit":"~4.0"},"uid":832283},"0.9.6":{"name":"mockery\/mockery","description":"Mockery is a simple yet flexible PHP mock object framework for use in unit testing with PHPUnit, PHPSpec or any other testing framework. Its core goal is to offer a test double framework with a succinct API capable of clearly defining all possible object operations and interactions using a human readable Domain Specific Language (DSL). Designed as a drop in alternative to PHPUnit's phpunit-mock-objects library, Mockery is easy to integrate with PHPUnit and can operate alongside phpunit-mock-objects without the World ending.","keywords":["testing","library","BDD","TDD","test","mockery","mock","stub","test double","mock objects"],"homepage":"http:\/\/github.com\/padraic\/mockery","version":"0.9.6","version_normalized":"0.9.6.0","license":["BSD-3-Clause"],"authors":[{"name":"P\u00e1draic Brady","email":"padraic.brady@gmail.com","homepage":"http:\/\/blog.astrumfutura.com"},{"name":"Dave Marshall","email":"dave.marshall@atstsolutions.co.uk","homepage":"http:\/\/davedevelopment.co.uk"}],"source":{"type":"git","url":"https:\/\/github.com\/mockery\/mockery.git","reference":"65d4ca18e15cb02eeb1e5336f884e46b9b905be0"},"dist":{"type":"zip","url":"https:\/\/api.github.com\/repos\/mockery\/mockery\/zipball\/65d4ca18e15cb02eeb1e5336f884e46b9b905be0","reference":"65d4ca18e15cb02eeb1e5336f884e46b9b905be0","shasum":""},"type":"library","time":"2016-09-30T12:09:40+00:00","autoload":{"psr-0":{"Mockery":"library\/"}},"extra":{"branch-alias":{"dev-master":"0.9.x-dev"}},"require":{"php":">=5.3.2","lib-pcre":">=7.0","hamcrest\/hamcrest-php":"~1.1"},"require-dev":{"phpunit\/phpunit":"~4.0"},"uid":1084958},"0.9.7":{"name":"mockery\/mockery","description":"Mockery is a simple yet flexible PHP mock object framework for use in unit testing with PHPUnit, PHPSpec or any other testing framework. Its core goal is to offer a test double framework with a succinct API capable of clearly defining all possible object operations and interactions using a human readable Domain Specific Language (DSL). Designed as a drop in alternative to PHPUnit's phpunit-mock-objects library, Mockery is easy to integrate with PHPUnit and can operate alongside phpunit-mock-objects without the World ending.","keywords":["testing","library","BDD","TDD","test","mockery","mock","stub","test double","mock objects"],"homepage":"http:\/\/github.com\/padraic\/mockery","version":"0.9.7","version_normalized":"0.9.7.0","license":["BSD-3-Clause"],"authors":[{"name":"P\u00e1draic Brady","email":"padraic.brady@gmail.com","homepage":"http:\/\/blog.astrumfutura.com"},{"name":"Dave Marshall","email":"dave.marshall@atstsolutions.co.uk","homepage":"http:\/\/davedevelopment.co.uk"}],"source":{"type":"git","url":"https:\/\/github.com\/mockery\/mockery.git","reference":"4de7969f4664da3cef1ccd83866c9f59378c3371"},"dist":{"type":"zip","url":"https:\/\/api.github.com\/repos\/mockery\/mockery\/zipball\/4de7969f4664da3cef1ccd83866c9f59378c3371","reference":"4de7969f4664da3cef1ccd83866c9f59378c3371","shasum":""},"type":"library","time":"2016-12-19T14:50:55+00:00","autoload":{"psr-0":{"Mockery":"library\/"}},"extra":{"branch-alias":{"dev-master":"0.9.x-dev"}},"require":{"php":">=5.3.2","lib-pcre":">=7.0","hamcrest\/hamcrest-php":"~1.1"},"require-dev":{"phpunit\/phpunit":"~4.0"},"uid":1139983},"0.9.8":{"name":"mockery\/mockery","description":"Mockery is a simple yet flexible PHP mock object framework for use in unit testing with PHPUnit, PHPSpec or any other testing framework. Its core goal is to offer a test double framework with a succinct API capable of clearly defining all possible object operations and interactions using a human readable Domain Specific Language (DSL). Designed as a drop in alternative to PHPUnit's phpunit-mock-objects library, Mockery is easy to integrate with PHPUnit and can operate alongside phpunit-mock-objects without the World ending.","keywords":["testing","library","BDD","TDD","test","mockery","mock","stub","test double","mock objects"],"homepage":"http:\/\/github.com\/padraic\/mockery","version":"0.9.8","version_normalized":"0.9.8.0","license":["BSD-3-Clause"],"authors":[{"name":"P\u00e1draic Brady","email":"padraic.brady@gmail.com","homepage":"http:\/\/blog.astrumfutura.com"},{"name":"Dave Marshall","email":"dave.marshall@atstsolutions.co.uk","homepage":"http:\/\/davedevelopment.co.uk"}],"source":{"type":"git","url":"https:\/\/github.com\/mockery\/mockery.git","reference":"1e5e2ffdc4d71d7358ed58a6fdd30a4a0c506855"},"dist":{"type":"zip","url":"https:\/\/api.github.com\/repos\/mockery\/mockery\/zipball\/1e5e2ffdc4d71d7358ed58a6fdd30a4a0c506855","reference":"1e5e2ffdc4d71d7358ed58a6fdd30a4a0c506855","shasum":""},"type":"library","time":"2017-02-09T13:29:38+00:00","autoload":{"psr-0":{"Mockery":"library\/"}},"extra":{"branch-alias":{"dev-master":"0.9.x-dev"}},"require":{"php":">=5.3.2","lib-pcre":">=7.0","hamcrest\/hamcrest-php":"~1.1"},"require-dev":{"phpunit\/phpunit":"~4.0"},"uid":1224209},"0.9.9":{"name":"mockery\/mockery","description":"Mockery is a simple yet flexible PHP mock object framework for use in unit testing with PHPUnit, PHPSpec or any other testing framework. Its core goal is to offer a test double framework with a succinct API capable of clearly defining all possible object operations and interactions using a human readable Domain Specific Language (DSL). Designed as a drop in alternative to PHPUnit's phpunit-mock-objects library, Mockery is easy to integrate with PHPUnit and can operate alongside phpunit-mock-objects without the World ending.","keywords":["testing","library","BDD","TDD","test","mockery","mock","stub","test double","mock objects"],"homepage":"http:\/\/github.com\/padraic\/mockery","version":"0.9.9","version_normalized":"0.9.9.0","license":["BSD-3-Clause"],"authors":[{"name":"P\u00e1draic Brady","email":"padraic.brady@gmail.com","homepage":"http:\/\/blog.astrumfutura.com"},{"name":"Dave Marshall","email":"dave.marshall@atstsolutions.co.uk","homepage":"http:\/\/davedevelopment.co.uk"}],"source":{"type":"git","url":"https:\/\/github.com\/mockery\/mockery.git","reference":"6fdb61243844dc924071d3404bb23994ea0b6856"},"dist":{"type":"zip","url":"https:\/\/api.github.com\/repos\/mockery\/mockery\/zipball\/6fdb61243844dc924071d3404bb23994ea0b6856","reference":"6fdb61243844dc924071d3404bb23994ea0b6856","shasum":""},"type":"library","time":"2017-02-28T12:52:32+00:00","autoload":{"psr-0":{"Mockery":"library\/"}},"extra":{"branch-alias":{"dev-master":"0.9.x-dev"}},"require":{"php":">=5.3.2","lib-pcre":">=7.0","hamcrest\/hamcrest-php":"~1.1"},"require-dev":{"phpunit\/phpunit":"~4.0"},"uid":1257879},"0.9.x-dev":{"name":"mockery\/mockery","description":"Mockery is a simple yet flexible PHP mock object framework for use in unit testing with PHPUnit, PHPSpec or any other testing framework. Its core goal is to offer a test double framework with a succinct API capable of clearly defining all possible object operations and interactions using a human readable Domain Specific Language (DSL). Designed as a drop in alternative to PHPUnit's phpunit-mock-objects library, Mockery is easy to integrate with PHPUnit and can operate alongside phpunit-mock-objects without the World ending.","keywords":["testing","library","BDD","TDD","test","mockery","mock","stub","test double","mock objects"],"homepage":"http:\/\/github.com\/padraic\/mockery","version":"0.9.x-dev","version_normalized":"0.9.9999999.9999999-dev","license":["BSD-3-Clause"],"authors":[{"name":"P\u00e1draic Brady","email":"padraic.brady@gmail.com","homepage":"http:\/\/blog.astrumfutura.com"},{"name":"Dave Marshall","email":"dave.marshall@atstsolutions.co.uk","homepage":"http:\/\/davedevelopment.co.uk"}],"source":{"type":"git","url":"https:\/\/github.com\/mockery\/mockery.git","reference":"80ac8060487db317c133ee00154f0862bd4d4ec7"},"dist":{"type":"zip","url":"https:\/\/api.github.com\/repos\/mockery\/mockery\/zipball\/80ac8060487db317c133ee00154f0862bd4d4ec7","reference":"80ac8060487db317c133ee00154f0862bd4d4ec7","shasum":""},"type":"library","time":"2017-06-07T08:41:50+00:00","autoload":{"psr-0":{"Mockery":"library\/"}},"extra":{"branch-alias":{"dev-master":"0.9.x-dev"}},"require":{"php":">=5.3.2","lib-pcre":">=7.0","hamcrest\/hamcrest-php":"~1.1"},"require-dev":{"phpunit\/phpunit":"~4.0"},"uid":811849},"1.0.0-alpha1":{"name":"mockery\/mockery","description":"Mockery is a simple yet flexible PHP mock object framework for use in unit testing with PHPUnit, PHPSpec or any other testing framework. Its core goal is to offer a test double framework with a succinct API capable of clearly defining all possible object operations and interactions using a human readable Domain Specific Language (DSL). Designed as a drop in alternative to PHPUnit's phpunit-mock-objects library, Mockery is easy to integrate with PHPUnit and can operate alongside phpunit-mock-objects without the World ending.","keywords":["testing","library","BDD","TDD","test","mockery","mock","stub","test double","mock objects"],"homepage":"http:\/\/github.com\/padraic\/mockery","version":"1.0.0-alpha1","version_normalized":"1.0.0.0-alpha1","license":["BSD-3-Clause"],"authors":[{"name":"P\u00e1draic Brady","email":"padraic.brady@gmail.com","homepage":"http:\/\/blog.astrumfutura.com"},{"name":"Dave Marshall","email":"dave.marshall@atstsolutions.co.uk","homepage":"http:\/\/davedevelopment.co.uk"}],"source":{"type":"git","url":"https:\/\/github.com\/mockery\/mockery.git","reference":"0b23f71799b3e43406f4ce7fef112ac3f0b7a385"},"dist":{"type":"zip","url":"https:\/\/api.github.com\/repos\/mockery\/mockery\/zipball\/0b23f71799b3e43406f4ce7fef112ac3f0b7a385","reference":"0b23f71799b3e43406f4ce7fef112ac3f0b7a385","shasum":""},"type":"library","time":"2017-02-02T08:52:46+00:00","autoload":{"psr-0":{"Mockery":"library\/"}},"extra":{"branch-alias":{"dev-master":"1.0.x-dev"}},"require":{"php":">=5.6.0","lib-pcre":">=7.0","hamcrest\/hamcrest-php":"~2.0"},"require-dev":{"phpunit\/phpunit":"~5.7"},"uid":1215729},"dev-documentation\/issue442":{"name":"mockery\/mockery","description":"Mockery is a simple yet flexible PHP mock object framework for use in unit testing with PHPUnit, PHPSpec or any other testing framework. Its core goal is to offer a test double framework with a succinct API capable of clearly defining all possible object operations and interactions using a human readable Domain Specific Language (DSL). Designed as a drop in alternative to PHPUnit's phpunit-mock-objects library, Mockery is easy to integrate with PHPUnit and can operate alongside phpunit-mock-objects without the World ending.","keywords":["testing","library","BDD","TDD","test","mockery","mock","stub","test double","mock objects"],"homepage":"http:\/\/github.com\/mockery\/mockery","version":"dev-documentation\/issue442","version_normalized":"dev-documentation\/issue442","license":["BSD-3-Clause"],"authors":[{"name":"P\u00e1draic Brady","email":"padraic.brady@gmail.com","homepage":"http:\/\/blog.astrumfutura.com"},{"name":"Dave Marshall","email":"dave.marshall@atstsolutions.co.uk","homepage":"http:\/\/davedevelopment.co.uk"}],"source":{"type":"git","url":"https:\/\/github.com\/mockery\/mockery.git","reference":"825b6c3782aef8b51c990f9bab3b2340182ebd44"},"dist":{"type":"zip","url":"https:\/\/api.github.com\/repos\/mockery\/mockery\/zipball\/825b6c3782aef8b51c990f9bab3b2340182ebd44","reference":"825b6c3782aef8b51c990f9bab3b2340182ebd44","shasum":""},"type":"library","time":"2017-05-12T06:42:38+00:00","autoload":{"psr-0":{"Mockery":"library\/"}},"extra":{"branch-alias":{"dev-master":"1.0.x-dev"}},"require":{"php":">=5.6.0","lib-pcre":">=7.0","hamcrest\/hamcrest-php":"~2.0"},"require-dev":{"phpunit\/phpunit":"~5.7|~6.1"},"uid":1383764},"dev-master":{"name":"mockery\/mockery","description":"Mockery is a simple yet flexible PHP mock object framework for use in unit testing with PHPUnit, PHPSpec or any other testing framework. Its core goal is to offer a test double framework with a succinct API capable of clearly defining all possible object operations and interactions using a human readable Domain Specific Language (DSL). Designed as a drop in alternative to PHPUnit's phpunit-mock-objects library, Mockery is easy to integrate with PHPUnit and can operate alongside phpunit-mock-objects without the World ending.","keywords":["testing","library","BDD","TDD","test","mockery","mock","stub","test double","mock objects"],"homepage":"http:\/\/github.com\/mockery\/mockery","version":"dev-master","version_normalized":"9999999-dev","license":["BSD-3-Clause"],"authors":[{"name":"P\u00e1draic Brady","email":"padraic.brady@gmail.com","homepage":"http:\/\/blog.astrumfutura.com"},{"name":"Dave Marshall","email":"dave.marshall@atstsolutions.co.uk","homepage":"http:\/\/davedevelopment.co.uk"}],"source":{"type":"git","url":"https:\/\/github.com\/mockery\/mockery.git","reference":"d1d330595a113fb2ed40bed22411af2327762f8d"},"dist":{"type":"zip","url":"https:\/\/api.github.com\/repos\/mockery\/mockery\/zipball\/d1d330595a113fb2ed40bed22411af2327762f8d","reference":"d1d330595a113fb2ed40bed22411af2327762f8d","shasum":""},"type":"library","time":"2017-08-22T07:19:24+00:00","autoload":{"psr-0":{"Mockery":"library\/"}},"extra":{"branch-alias":{"dev-master":"1.0.x-dev"}},"require":{"lib-pcre":">=7.0","hamcrest\/hamcrest-php":"~2.0","php":">=5.6.0"},"require-dev":{"phpunit\/phpunit":"~5.7|~6.1"},"uid":6052}}}}