{"packages":{"sebastian\/recursion-context":{"1.0.0":{"name":"sebastian\/recursion-context","description":"Provides functionality to recursively process PHP variables","keywords":[],"homepage":"http:\/\/www.github.com\/sebastianbergmann\/recursion-context","version":"1.0.0","version_normalized":"1.0.0.0","license":["BSD-3-Clause"],"authors":[{"name":"Jeff Welch","email":"whatthejeff@gmail.com"},{"name":"Sebastian Bergmann","email":"sebastian@phpunit.de"},{"name":"Adam Harvey","email":"aharvey@php.net"}],"source":{"type":"git","url":"https:\/\/github.com\/sebastianbergmann\/recursion-context.git","reference":"3989662bbb30a29d20d9faa04a846af79b276252"},"dist":{"type":"zip","url":"https:\/\/api.github.com\/repos\/sebastianbergmann\/recursion-context\/zipball\/3989662bbb30a29d20d9faa04a846af79b276252","reference":"3989662bbb30a29d20d9faa04a846af79b276252","shasum":""},"type":"library","time":"2015-01-24T09:48:32+00:00","autoload":{"classmap":["src\/"]},"extra":{"branch-alias":{"dev-master":"1.0.x-dev"}},"require":{"php":">=5.3.3"},"require-dev":{"phpunit\/phpunit":"~4.4"},"uid":313133},"1.0.1":{"name":"sebastian\/recursion-context","description":"Provides functionality to recursively process PHP variables","keywords":[],"homepage":"http:\/\/www.github.com\/sebastianbergmann\/recursion-context","version":"1.0.1","version_normalized":"1.0.1.0","license":["BSD-3-Clause"],"authors":[{"name":"Jeff Welch","email":"whatthejeff@gmail.com"},{"name":"Sebastian Bergmann","email":"sebastian@phpunit.de"},{"name":"Adam Harvey","email":"aharvey@php.net"}],"source":{"type":"git","url":"https:\/\/github.com\/sebastianbergmann\/recursion-context.git","reference":"994d4a811bafe801fb06dccbee797863ba2792ba"},"dist":{"type":"zip","url":"https:\/\/api.github.com\/repos\/sebastianbergmann\/recursion-context\/zipball\/994d4a811bafe801fb06dccbee797863ba2792ba","reference":"994d4a811bafe801fb06dccbee797863ba2792ba","shasum":""},"type":"library","time":"2015-06-21T08:04:50+00:00","autoload":{"classmap":["src\/"]},"extra":{"branch-alias":{"dev-master":"1.0.x-dev"}},"require":{"php":">=5.3.3"},"require-dev":{"phpunit\/phpunit":"~4.4"},"uid":473243},"1.0.2":{"name":"sebastian\/recursion-context","description":"Provides functionality to recursively process PHP variables","keywords":[],"homepage":"http:\/\/www.github.com\/sebastianbergmann\/recursion-context","version":"1.0.2","version_normalized":"1.0.2.0","license":["BSD-3-Clause"],"authors":[{"name":"Jeff Welch","email":"whatthejeff@gmail.com"},{"name":"Sebastian Bergmann","email":"sebastian@phpunit.de"},{"name":"Adam Harvey","email":"aharvey@php.net"}],"source":{"type":"git","url":"https:\/\/github.com\/sebastianbergmann\/recursion-context.git","reference":"913401df809e99e4f47b27cdd781f4a258d58791"},"dist":{"type":"zip","url":"https:\/\/api.github.com\/repos\/sebastianbergmann\/recursion-context\/zipball\/913401df809e99e4f47b27cdd781f4a258d58791","reference":"913401df809e99e4f47b27cdd781f4a258d58791","shasum":""},"type":"library","time":"2015-11-11T19:50:13+00:00","autoload":{"classmap":["src\/"]},"extra":{"branch-alias":{"dev-master":"1.0.x-dev"}},"require":{"php":">=5.3.3"},"require-dev":{"phpunit\/phpunit":"~4.4"},"uid":609912},"1.0.5":{"name":"sebastian\/recursion-context","description":"Provides functionality to recursively process PHP variables","keywords":[],"homepage":"http:\/\/www.github.com\/sebastianbergmann\/recursion-context","version":"1.0.5","version_normalized":"1.0.5.0","license":["BSD-3-Clause"],"authors":[{"name":"Jeff Welch","email":"whatthejeff@gmail.com"},{"name":"Sebastian Bergmann","email":"sebastian@phpunit.de"},{"name":"Adam Harvey","email":"aharvey@php.net"}],"source":{"type":"git","url":"https:\/\/github.com\/sebastianbergmann\/recursion-context.git","reference":"b19cc3298482a335a95f3016d2f8a6950f0fbcd7"},"dist":{"type":"zip","url":"https:\/\/api.github.com\/repos\/sebastianbergmann\/recursion-context\/zipball\/b19cc3298482a335a95f3016d2f8a6950f0fbcd7","reference":"b19cc3298482a335a95f3016d2f8a6950f0fbcd7","shasum":""},"type":"library","time":"2016-10-03T07:41:43+00:00","autoload":{"classmap":["src\/"]},"extra":{"branch-alias":{"dev-master":"1.0.x-dev"}},"require":{"php":">=5.3.3"},"require-dev":{"phpunit\/phpunit":"~4.4"},"uid":1267941},"1.0.x-dev":{"name":"sebastian\/recursion-context","description":"Provides functionality to recursively process PHP variables","keywords":[],"homepage":"http:\/\/www.github.com\/sebastianbergmann\/recursion-context","version":"1.0.x-dev","version_normalized":"1.0.9999999.9999999-dev","license":["BSD-3-Clause"],"authors":[{"name":"Jeff Welch","email":"whatthejeff@gmail.com"},{"name":"Sebastian Bergmann","email":"sebastian@phpunit.de"},{"name":"Adam Harvey","email":"aharvey@php.net"}],"source":{"type":"git","url":"https:\/\/github.com\/sebastianbergmann\/recursion-context.git","reference":"b19cc3298482a335a95f3016d2f8a6950f0fbcd7"},"dist":{"type":"zip","url":"https:\/\/api.github.com\/repos\/sebastianbergmann\/recursion-context\/zipball\/b19cc3298482a335a95f3016d2f8a6950f0fbcd7","reference":"b19cc3298482a335a95f3016d2f8a6950f0fbcd7","shasum":""},"type":"library","time":"2016-10-03T07:41:43+00:00","autoload":{"classmap":["src\/"]},"extra":{"branch-alias":{"dev-master":"1.0.x-dev"}},"require":{"php":">=5.3.3"},"require-dev":{"phpunit\/phpunit":"~4.4"},"uid":1088304},"2.0.0":{"name":"sebastian\/recursion-context","description":"Provides functionality to recursively process PHP variables","keywords":[],"homepage":"http:\/\/www.github.com\/sebastianbergmann\/recursion-context","version":"2.0.0","version_normalized":"2.0.0.0","license":["BSD-3-Clause"],"authors":[{"name":"Jeff Welch","email":"whatthejeff@gmail.com"},{"name":"Sebastian Bergmann","email":"sebastian@phpunit.de"},{"name":"Adam Harvey","email":"aharvey@php.net"}],"source":{"type":"git","url":"https:\/\/github.com\/sebastianbergmann\/recursion-context.git","reference":"2c3ba150cbec723aa057506e73a8d33bdb286c9a"},"dist":{"type":"zip","url":"https:\/\/api.github.com\/repos\/sebastianbergmann\/recursion-context\/zipball\/2c3ba150cbec723aa057506e73a8d33bdb286c9a","reference":"2c3ba150cbec723aa057506e73a8d33bdb286c9a","shasum":""},"type":"library","time":"2016-11-19T07:33:16+00:00","autoload":{"classmap":["src\/"]},"extra":{"branch-alias":{"dev-master":"2.0.x-dev"}},"require":{"php":">=5.3.3"},"require-dev":{"phpunit\/phpunit":"~4.4"},"uid":1088306},"2.0.x-dev":{"name":"sebastian\/recursion-context","description":"Provides functionality to recursively process PHP variables","keywords":[],"homepage":"http:\/\/www.github.com\/sebastianbergmann\/recursion-context","version":"2.0.x-dev","version_normalized":"2.0.9999999.9999999-dev","license":["BSD-3-Clause"],"authors":[{"name":"Jeff Welch","email":"whatthejeff@gmail.com"},{"name":"Sebastian Bergmann","email":"sebastian@phpunit.de"},{"name":"Adam Harvey","email":"aharvey@php.net"}],"source":{"type":"git","url":"https:\/\/github.com\/sebastianbergmann\/recursion-context.git","reference":"7e4d7c56f6e65d215f71ad913a5256e5439aca1c"},"dist":{"type":"zip","url":"https:\/\/api.github.com\/repos\/sebastianbergmann\/recursion-context\/zipball\/7e4d7c56f6e65d215f71ad913a5256e5439aca1c","reference":"7e4d7c56f6e65d215f71ad913a5256e5439aca1c","shasum":""},"type":"library","time":"2017-03-08T08:21:15+00:00","autoload":{"classmap":["src\/"]},"extra":{"branch-alias":{"dev-master":"2.0.x-dev"}},"require":{"php":">=5.3.3"},"require-dev":{"phpunit\/phpunit":"~4.4"},"uid":1249723},"3.0.0":{"name":"sebastian\/recursion-context","description":"Provides functionality to recursively process PHP variables","keywords":[],"homepage":"http:\/\/www.github.com\/sebastianbergmann\/recursion-context","version":"3.0.0","version_normalized":"3.0.0.0","license":["BSD-3-Clause"],"authors":[{"name":"Jeff Welch","email":"whatthejeff@gmail.com"},{"name":"Sebastian Bergmann","email":"sebastian@phpunit.de"},{"name":"Adam Harvey","email":"aharvey@php.net"}],"source":{"type":"git","url":"https:\/\/github.com\/sebastianbergmann\/recursion-context.git","reference":"5b0cd723502bac3b006cbf3dbf7a1e3fcefe4fa8"},"dist":{"type":"zip","url":"https:\/\/api.github.com\/repos\/sebastianbergmann\/recursion-context\/zipball\/5b0cd723502bac3b006cbf3dbf7a1e3fcefe4fa8","reference":"5b0cd723502bac3b006cbf3dbf7a1e3fcefe4fa8","shasum":""},"type":"library","time":"2017-03-03T06:23:57+00:00","autoload":{"classmap":["src\/"]},"extra":{"branch-alias":{"dev-master":"3.0.x-dev"}},"require":{"php":"^7.0"},"require-dev":{"phpunit\/phpunit":"^6.0"},"uid":1262407},"dev-master":{"name":"sebastian\/recursion-context","description":"Provides functionality to recursively process PHP variables","keywords":[],"homepage":"http:\/\/www.github.com\/sebastianbergmann\/recursion-context","version":"dev-master","version_normalized":"9999999-dev","license":["BSD-3-Clause"],"authors":[{"name":"Jeff Welch","email":"whatthejeff@gmail.com"},{"name":"Sebastian Bergmann","email":"sebastian@phpunit.de"},{"name":"Adam Harvey","email":"aharvey@php.net"}],"source":{"type":"git","url":"https:\/\/github.com\/sebastianbergmann\/recursion-context.git","reference":"a0e54bc9bf04e2c5b302236984cebc277631f0f1"},"dist":{"type":"zip","url":"https:\/\/api.github.com\/repos\/sebastianbergmann\/recursion-context\/zipball\/a0e54bc9bf04e2c5b302236984cebc277631f0f1","reference":"a0e54bc9bf04e2c5b302236984cebc277631f0f1","shasum":""},"type":"library","time":"2017-03-07T15:09:59+00:00","autoload":{"classmap":["src\/"]},"extra":{"branch-alias":{"dev-master":"3.0.x-dev"}},"require":{"php":"^7.0"},"require-dev":{"phpunit\/phpunit":"^6.0"},"uid":312463}}}}