{"packages":{"nesbot\/carbon":{"1.0.0":{"name":"nesbot\/carbon","description":"A simple API extension for DateTime.","keywords":["time","date","datetime"],"homepage":"https:\/\/github.com\/briannesbitt\/Carbon","version":"1.0.0","version_normalized":"1.0.0.0","license":["MIT"],"authors":[{"name":"Brian Nesbitt","email":"brian@nesbot.com","homepage":"http:\/\/nesbot.com"}],"source":{"type":"git","url":"https:\/\/github.com\/briannesbitt\/Carbon.git","reference":"d59535c3175d1188baea460bd7772d41ea227b56"},"dist":{"type":"zip","url":"https:\/\/api.github.com\/repos\/briannesbitt\/Carbon\/zipball\/d59535c3175d1188baea460bd7772d41ea227b56","reference":"d59535c3175d1188baea460bd7772d41ea227b56","shasum":""},"type":"library","time":"2012-09-11T02:21:48+00:00","autoload":{"psr-0":{"Carbon":"."}},"require":{"php":">=5.3.0"},"uid":18834},"1.0.1":{"name":"nesbot\/carbon","description":"A simple API extension for DateTime.","keywords":["time","date","datetime"],"homepage":"https:\/\/github.com\/briannesbitt\/Carbon","version":"1.0.1","version_normalized":"1.0.1.0","license":["MIT"],"authors":[{"name":"Brian Nesbitt","email":"brian@nesbot.com","homepage":"http:\/\/nesbot.com"}],"source":{"type":"git","url":"https:\/\/github.com\/briannesbitt\/Carbon.git","reference":"abc60599a101171f37bdd1885d7d564644880fae"},"dist":{"type":"zip","url":"https:\/\/api.github.com\/repos\/briannesbitt\/Carbon\/zipball\/abc60599a101171f37bdd1885d7d564644880fae","reference":"abc60599a101171f37bdd1885d7d564644880fae","shasum":""},"type":"library","time":"2012-09-11T03:37:22+00:00","autoload":{"psr-0":{"Carbon":"."}},"require":{"php":">=5.3.0"},"uid":18836},"1.1.0":{"name":"nesbot\/carbon","description":"A simple API extension for DateTime.","keywords":["time","date","datetime"],"homepage":"https:\/\/github.com\/briannesbitt\/Carbon","version":"1.1.0","version_normalized":"1.1.0.0","license":["MIT"],"authors":[{"name":"Brian Nesbitt","email":"brian@nesbot.com","homepage":"http:\/\/nesbot.com"}],"source":{"type":"git","url":"https:\/\/github.com\/briannesbitt\/Carbon.git","reference":"205dedbf0ae08f0025f364871cf788c230b97eee"},"dist":{"type":"zip","url":"https:\/\/api.github.com\/repos\/briannesbitt\/Carbon\/zipball\/205dedbf0ae08f0025f364871cf788c230b97eee","reference":"205dedbf0ae08f0025f364871cf788c230b97eee","shasum":""},"type":"library","time":"2012-09-17T02:04:24+00:00","autoload":{"psr-0":{"Carbon":"."}},"require":{"php":">=5.3.0"},"uid":19374},"1.10.0":{"name":"nesbot\/carbon","description":"A simple API extension for DateTime.","keywords":["time","date","datetime"],"homepage":"https:\/\/github.com\/briannesbitt\/Carbon","version":"1.10.0","version_normalized":"1.10.0.0","license":["MIT"],"authors":[{"name":"Brian Nesbitt","email":"brian@nesbot.com","homepage":"http:\/\/nesbot.com"}],"source":{"type":"git","url":"https:\/\/github.com\/briannesbitt\/Carbon.git","reference":"9b42a1aec56011c2ac4d75c0ddad0794762344fc"},"dist":{"type":"zip","url":"https:\/\/api.github.com\/repos\/briannesbitt\/Carbon\/zipball\/9b42a1aec56011c2ac4d75c0ddad0794762344fc","reference":"9b42a1aec56011c2ac4d75c0ddad0794762344fc","shasum":""},"type":"library","time":"2014-07-18T03:44:47+00:00","autoload":{"psr-0":{"Carbon":"src"}},"require":{"php":">=5.3.0"},"require-dev":{"phpunit\/phpunit":"~4.0"},"uid":203491},"1.11.0":{"name":"nesbot\/carbon","description":"A simple API extension for DateTime.","keywords":["time","date","datetime"],"homepage":"https:\/\/github.com\/briannesbitt\/Carbon","version":"1.11.0","version_normalized":"1.11.0.0","license":["MIT"],"authors":[{"name":"Brian Nesbitt","email":"brian@nesbot.com","homepage":"http:\/\/nesbot.com"}],"source":{"type":"git","url":"https:\/\/github.com\/briannesbitt\/Carbon.git","reference":"2b60366be6dcb9f9cd3e244ab25eb98eaea99551"},"dist":{"type":"zip","url":"https:\/\/api.github.com\/repos\/briannesbitt\/Carbon\/zipball\/2b60366be6dcb9f9cd3e244ab25eb98eaea99551","reference":"2b60366be6dcb9f9cd3e244ab25eb98eaea99551","shasum":""},"type":"library","time":"2014-08-26T03:18:44+00:00","autoload":{"psr-0":{"Carbon":"src"}},"require":{"php":">=5.3.0"},"require-dev":{"phpunit\/phpunit":"~4.0"},"uid":223281},"1.12.0":{"name":"nesbot\/carbon","description":"A simple API extension for DateTime.","keywords":["time","date","datetime"],"homepage":"https:\/\/github.com\/briannesbitt\/Carbon","version":"1.12.0","version_normalized":"1.12.0.0","license":["MIT"],"authors":[{"name":"Brian Nesbitt","email":"brian@nesbot.com","homepage":"http:\/\/nesbot.com"}],"source":{"type":"git","url":"https:\/\/github.com\/briannesbitt\/Carbon.git","reference":"cde7a00d1410a17fb6d61b993cb017a78be1137c"},"dist":{"type":"zip","url":"https:\/\/api.github.com\/repos\/briannesbitt\/Carbon\/zipball\/cde7a00d1410a17fb6d61b993cb017a78be1137c","reference":"cde7a00d1410a17fb6d61b993cb017a78be1137c","shasum":""},"type":"library","time":"2014-09-10T03:26:33+00:00","autoload":{"psr-0":{"Carbon":"src"}},"require":{"php":">=5.3.0"},"require-dev":{"phpunit\/phpunit":"~4.0"},"uid":232229},"1.13.0":{"name":"nesbot\/carbon","description":"A simple API extension for DateTime.","keywords":["time","date","datetime"],"homepage":"https:\/\/github.com\/briannesbitt\/Carbon","version":"1.13.0","version_normalized":"1.13.0.0","license":["MIT"],"authors":[{"name":"Brian Nesbitt","email":"brian@nesbot.com","homepage":"http:\/\/nesbot.com"}],"source":{"type":"git","url":"https:\/\/github.com\/briannesbitt\/Carbon.git","reference":"5cb6e71055f7b0b57956b73d324cc4de31278f42"},"dist":{"type":"zip","url":"https:\/\/api.github.com\/repos\/briannesbitt\/Carbon\/zipball\/5cb6e71055f7b0b57956b73d324cc4de31278f42","reference":"5cb6e71055f7b0b57956b73d324cc4de31278f42","shasum":""},"type":"library","time":"2014-09-26T02:52:02+00:00","autoload":{"psr-0":{"Carbon":"src"}},"require":{"php":">=5.3.0"},"require-dev":{"phpunit\/phpunit":"~4.0"},"uid":241133},"1.14.0":{"name":"nesbot\/carbon","description":"A simple API extension for DateTime.","keywords":["time","date","datetime"],"homepage":"https:\/\/github.com\/briannesbitt\/Carbon","version":"1.14.0","version_normalized":"1.14.0.0","license":["MIT"],"authors":[{"name":"Brian Nesbitt","email":"brian@nesbot.com","homepage":"http:\/\/nesbot.com"}],"source":{"type":"git","url":"https:\/\/github.com\/briannesbitt\/Carbon.git","reference":"bb87460c995d97fe55b39e65f6ffb7f64b0a941e"},"dist":{"type":"zip","url":"https:\/\/api.github.com\/repos\/briannesbitt\/Carbon\/zipball\/bb87460c995d97fe55b39e65f6ffb7f64b0a941e","reference":"bb87460c995d97fe55b39e65f6ffb7f64b0a941e","shasum":""},"type":"library","time":"2015-02-06T05:07:29+00:00","autoload":{"psr-0":{"Carbon":"src"}},"require":{"php":">=5.3.0"},"require-dev":{"phpunit\/phpunit":"~4.0"},"uid":323889},"1.15.0":{"name":"nesbot\/carbon","description":"A simple API extension for DateTime.","keywords":["time","date","datetime"],"homepage":"http:\/\/carbon.nesbot.com","version":"1.15.0","version_normalized":"1.15.0.0","license":["MIT"],"authors":[{"name":"Brian Nesbitt","email":"brian@nesbot.com","homepage":"http:\/\/nesbot.com"}],"source":{"type":"git","url":"https:\/\/github.com\/briannesbitt\/Carbon.git","reference":"48cb9ae6d9436e156316a59d198cb1ca797f8cd8"},"dist":{"type":"zip","url":"https:\/\/api.github.com\/repos\/briannesbitt\/Carbon\/zipball\/48cb9ae6d9436e156316a59d198cb1ca797f8cd8","reference":"48cb9ae6d9436e156316a59d198cb1ca797f8cd8","shasum":""},"type":"library","time":"2015-03-03T03:24:43+00:00","autoload":{"psr-0":{"Carbon":"src"}},"require":{"php":">=5.3.0"},"require-dev":{"phpunit\/phpunit":"~4.0"},"uid":346357},"1.16.0":{"name":"nesbot\/carbon","description":"A simple API extension for DateTime.","keywords":["time","date","datetime"],"homepage":"http:\/\/carbon.nesbot.com","version":"1.16.0","version_normalized":"1.16.0.0","license":["MIT"],"authors":[{"name":"Brian Nesbitt","email":"brian@nesbot.com","homepage":"http:\/\/nesbot.com"}],"source":{"type":"git","url":"https:\/\/github.com\/briannesbitt\/Carbon.git","reference":"9b7665041754eaa9bb2622349bc9adbc1cf61cb8"},"dist":{"type":"zip","url":"https:\/\/api.github.com\/repos\/briannesbitt\/Carbon\/zipball\/9b7665041754eaa9bb2622349bc9adbc1cf61cb8","reference":"9b7665041754eaa9bb2622349bc9adbc1cf61cb8","shasum":""},"type":"library","time":"2015-03-04T04:50:11+00:00","autoload":{"psr-0":{"Carbon":"src"}},"require":{"php":">=5.3.0"},"require-dev":{"phpunit\/phpunit":"~4.0"},"uid":347337},"1.17.0":{"name":"nesbot\/carbon","description":"A simple API extension for DateTime.","keywords":["time","date","datetime"],"homepage":"http:\/\/carbon.nesbot.com","version":"1.17.0","version_normalized":"1.17.0.0","license":["MIT"],"authors":[{"name":"Brian Nesbitt","email":"brian@nesbot.com","homepage":"http:\/\/nesbot.com"}],"source":{"type":"git","url":"https:\/\/github.com\/briannesbitt\/Carbon.git","reference":"a1dd1ad9abfc8b3c4d8768068e6c71d293424e86"},"dist":{"type":"zip","url":"https:\/\/api.github.com\/repos\/briannesbitt\/Carbon\/zipball\/a1dd1ad9abfc8b3c4d8768068e6c71d293424e86","reference":"a1dd1ad9abfc8b3c4d8768068e6c71d293424e86","shasum":""},"type":"library","time":"2015-03-08T14:05:44+00:00","autoload":{"psr-0":{"Carbon":"src"}},"require":{"php":">=5.3.0"},"require-dev":{"phpunit\/phpunit":"~4.0"},"uid":354179},"1.18.0":{"name":"nesbot\/carbon","description":"A simple API extension for DateTime.","keywords":["time","date","datetime"],"homepage":"http:\/\/carbon.nesbot.com","version":"1.18.0","version_normalized":"1.18.0.0","license":["MIT"],"authors":[{"name":"Brian Nesbitt","email":"brian@nesbot.com","homepage":"http:\/\/nesbot.com"}],"source":{"type":"git","url":"https:\/\/github.com\/briannesbitt\/Carbon.git","reference":"99e2f69f7bdc2cc4334b2d00f1e0ba450623ea36"},"dist":{"type":"zip","url":"https:\/\/api.github.com\/repos\/briannesbitt\/Carbon\/zipball\/99e2f69f7bdc2cc4334b2d00f1e0ba450623ea36","reference":"99e2f69f7bdc2cc4334b2d00f1e0ba450623ea36","shasum":""},"type":"library","time":"2015-03-26T03:05:57+00:00","autoload":{"psr-0":{"Carbon":"src"}},"require":{"php":">=5.3.0","symfony\/translation":"2.6.*"},"require-dev":{"phpunit\/phpunit":"~4.0"},"uid":366282},"1.19.0":{"name":"nesbot\/carbon","description":"A simple API extension for DateTime.","keywords":["time","date","datetime"],"homepage":"http:\/\/carbon.nesbot.com","version":"1.19.0","version_normalized":"1.19.0.0","license":["MIT"],"authors":[{"name":"Brian Nesbitt","email":"brian@nesbot.com","homepage":"http:\/\/nesbot.com"}],"source":{"type":"git","url":"https:\/\/github.com\/briannesbitt\/Carbon.git","reference":"68868e0b02d2d803d0052a59d4e5003cccf87320"},"dist":{"type":"zip","url":"https:\/\/api.github.com\/repos\/briannesbitt\/Carbon\/zipball\/68868e0b02d2d803d0052a59d4e5003cccf87320","reference":"68868e0b02d2d803d0052a59d4e5003cccf87320","shasum":""},"type":"library","time":"2015-05-09T03:23:44+00:00","autoload":{"psr-0":{"Carbon":"src"}},"require":{"php":">=5.3.0","symfony\/translation":"~2.6"},"require-dev":{"phpunit\/phpunit":"~4.0"},"uid":401760},"1.2.0":{"name":"nesbot\/carbon","description":"A simple API extension for DateTime.","keywords":["time","date","datetime"],"homepage":"https:\/\/github.com\/briannesbitt\/Carbon","version":"1.2.0","version_normalized":"1.2.0.0","license":["MIT"],"authors":[{"name":"Brian Nesbitt","email":"brian@nesbot.com","homepage":"http:\/\/nesbot.com"}],"source":{"type":"git","url":"https:\/\/github.com\/briannesbitt\/Carbon.git","reference":"5df97d55fd9b9b630c71c01050ff8901ca4085ef"},"dist":{"type":"zip","url":"https:\/\/api.github.com\/repos\/briannesbitt\/Carbon\/zipball\/5df97d55fd9b9b630c71c01050ff8901ca4085ef","reference":"5df97d55fd9b9b630c71c01050ff8901ca4085ef","shasum":""},"type":"library","time":"2012-10-15T00:41:18+00:00","autoload":{"psr-0":{"Carbon":"."}},"require":{"php":">=5.3.0"},"uid":21955},"1.20.0":{"name":"nesbot\/carbon","description":"A simple API extension for DateTime.","keywords":["time","date","datetime"],"homepage":"http:\/\/carbon.nesbot.com","version":"1.20.0","version_normalized":"1.20.0.0","license":["MIT"],"authors":[{"name":"Brian Nesbitt","email":"brian@nesbot.com","homepage":"http:\/\/nesbot.com"}],"source":{"type":"git","url":"https:\/\/github.com\/briannesbitt\/Carbon.git","reference":"bfd3eaba109c9a2405c92174c8e17f20c2b9caf3"},"dist":{"type":"zip","url":"https:\/\/api.github.com\/repos\/briannesbitt\/Carbon\/zipball\/bfd3eaba109c9a2405c92174c8e17f20c2b9caf3","reference":"bfd3eaba109c9a2405c92174c8e17f20c2b9caf3","shasum":""},"type":"library","time":"2015-06-25T04:19:39+00:00","autoload":{"psr-0":{"Carbon":"src"}},"require":{"php":">=5.3.0","symfony\/translation":"~2.6|~3.0"},"require-dev":{"phpunit\/phpunit":"~4.0"},"uid":443626},"1.21.0":{"name":"nesbot\/carbon","description":"A simple API extension for DateTime.","keywords":["time","date","datetime"],"homepage":"http:\/\/carbon.nesbot.com","version":"1.21.0","version_normalized":"1.21.0.0","license":["MIT"],"authors":[{"name":"Brian Nesbitt","email":"brian@nesbot.com","homepage":"http:\/\/nesbot.com"}],"source":{"type":"git","url":"https:\/\/github.com\/briannesbitt\/Carbon.git","reference":"7b08ec6f75791e130012f206e3f7b0e76e18e3d7"},"dist":{"type":"zip","url":"https:\/\/api.github.com\/repos\/briannesbitt\/Carbon\/zipball\/7b08ec6f75791e130012f206e3f7b0e76e18e3d7","reference":"7b08ec6f75791e130012f206e3f7b0e76e18e3d7","shasum":""},"type":"library","time":"2015-11-04T20:07:17+00:00","autoload":{"psr-4":{"Carbon\\":"src\/Carbon\/"}},"require":{"php":">=5.3.0","symfony\/translation":"~2.6|~3.0"},"require-dev":{"phpunit\/phpunit":"~4.0|~5.0"},"uid":573942},"1.22.0":{"name":"nesbot\/carbon","description":"A simple API extension for DateTime.","keywords":["time","date","datetime"],"homepage":"http:\/\/carbon.nesbot.com","version":"1.22.0","version_normalized":"1.22.0.0","license":["MIT"],"authors":[{"name":"Brian Nesbitt","email":"brian@nesbot.com","homepage":"http:\/\/nesbot.com"}],"source":{"type":"git","url":"https:\/\/github.com\/briannesbitt\/Carbon.git","reference":"3b114ab800c6432ad42387ccf6bc8d4388a2885a"},"dist":{"type":"zip","url":"https:\/\/api.github.com\/repos\/briannesbitt\/Carbon\/zipball\/3b114ab800c6432ad42387ccf6bc8d4388a2885a","reference":"3b114ab800c6432ad42387ccf6bc8d4388a2885a","shasum":""},"type":"library","time":"2017-01-15T14:47:48+00:00","autoload":{"psr-4":{"Carbon\\":"src\/Carbon\/"}},"extra":{"branch-alias":{"dev-master":"1.23-dev"}},"require":{"php":">=5.3.0","symfony\/translation":"~2.6 || ~3.0"},"require-dev":{"friendsofphp\/php-cs-fixer":"~2","phpunit\/phpunit":"~4.0 || ~5.0"},"uid":1174052},"1.22.1":{"name":"nesbot\/carbon","description":"A simple API extension for DateTime.","keywords":["time","date","datetime"],"homepage":"http:\/\/carbon.nesbot.com","version":"1.22.1","version_normalized":"1.22.1.0","license":["MIT"],"authors":[{"name":"Brian Nesbitt","email":"brian@nesbot.com","homepage":"http:\/\/nesbot.com"}],"source":{"type":"git","url":"https:\/\/github.com\/briannesbitt\/Carbon.git","reference":"7cdf42c0b1cc763ab7e4c33c47a24e27c66bfccc"},"dist":{"type":"zip","url":"https:\/\/api.github.com\/repos\/briannesbitt\/Carbon\/zipball\/7cdf42c0b1cc763ab7e4c33c47a24e27c66bfccc","reference":"7cdf42c0b1cc763ab7e4c33c47a24e27c66bfccc","shasum":""},"type":"library","time":"2017-01-16T07:55:07+00:00","autoload":{"psr-4":{"Carbon\\":"src\/Carbon\/"}},"extra":{"branch-alias":{"dev-master":"1.23-dev"}},"require":{"php":">=5.3.0","symfony\/translation":"~2.6 || ~3.0"},"require-dev":{"friendsofphp\/php-cs-fixer":"~2","phpunit\/phpunit":"~4.0 || ~5.0"},"uid":1175340},"1.3.0":{"name":"nesbot\/carbon","description":"A simple API extension for DateTime.","keywords":["time","date","datetime"],"homepage":"https:\/\/github.com\/briannesbitt\/Carbon","version":"1.3.0","version_normalized":"1.3.0.0","license":["MIT"],"authors":[{"name":"Brian Nesbitt","email":"brian@nesbot.com","homepage":"http:\/\/nesbot.com"}],"source":{"type":"git","url":"https:\/\/github.com\/briannesbitt\/Carbon.git","reference":"24c4262e994f7f2a258db5ccb5b2f34073f162ca"},"dist":{"type":"zip","url":"https:\/\/api.github.com\/repos\/briannesbitt\/Carbon\/zipball\/24c4262e994f7f2a258db5ccb5b2f34073f162ca","reference":"24c4262e994f7f2a258db5ccb5b2f34073f162ca","shasum":""},"type":"library","time":"2013-08-21T04:36:40+00:00","autoload":{"psr-0":{"Carbon":"src"}},"require":{"php":">=5.3.0"},"uid":78393},"1.4.0":{"name":"nesbot\/carbon","description":"A simple API extension for DateTime.","keywords":["time","date","datetime"],"homepage":"https:\/\/github.com\/briannesbitt\/Carbon","version":"1.4.0","version_normalized":"1.4.0.0","license":["MIT"],"authors":[{"name":"Brian Nesbitt","email":"brian@nesbot.com","homepage":"http:\/\/nesbot.com"}],"source":{"type":"git","url":"https:\/\/github.com\/briannesbitt\/Carbon.git","reference":"06f0b8a99a90c5392ceccb09b75b74ff6c08ec07"},"dist":{"type":"zip","url":"https:\/\/api.github.com\/repos\/briannesbitt\/Carbon\/zipball\/06f0b8a99a90c5392ceccb09b75b74ff6c08ec07","reference":"06f0b8a99a90c5392ceccb09b75b74ff6c08ec07","shasum":""},"type":"library","time":"2013-09-09T02:39:19+00:00","autoload":{"psr-0":{"Carbon":"src"}},"require":{"php":">=5.3.0"},"uid":82925},"1.5.0":{"name":"nesbot\/carbon","description":"A simple API extension for DateTime.","keywords":["time","date","datetime"],"homepage":"https:\/\/github.com\/briannesbitt\/Carbon","version":"1.5.0","version_normalized":"1.5.0.0","license":["MIT"],"authors":[{"name":"Brian Nesbitt","email":"brian@nesbot.com","homepage":"http:\/\/nesbot.com"}],"source":{"type":"git","url":"https:\/\/github.com\/briannesbitt\/Carbon.git","reference":"64c0192173e78ad405411f16d3c1a699386d882c"},"dist":{"type":"zip","url":"https:\/\/api.github.com\/repos\/briannesbitt\/Carbon\/zipball\/64c0192173e78ad405411f16d3c1a699386d882c","reference":"64c0192173e78ad405411f16d3c1a699386d882c","shasum":""},"type":"library","time":"2013-11-21T21:09:53+00:00","autoload":{"psr-0":{"Carbon":"src"}},"require":{"php":">=5.3.0"},"require-dev":{"phpunit\/phpunit":"3.7.*"},"uid":103339},"1.6.0":{"name":"nesbot\/carbon","description":"A simple API extension for DateTime.","keywords":["time","date","datetime"],"homepage":"https:\/\/github.com\/briannesbitt\/Carbon","version":"1.6.0","version_normalized":"1.6.0.0","license":["MIT"],"authors":[{"name":"Brian Nesbitt","email":"brian@nesbot.com","homepage":"http:\/\/nesbot.com"}],"source":{"type":"git","url":"https:\/\/github.com\/briannesbitt\/Carbon.git","reference":"b0450b539d1567b2acee6467b6b323a8547b5559"},"dist":{"type":"zip","url":"https:\/\/api.github.com\/repos\/briannesbitt\/Carbon\/zipball\/b0450b539d1567b2acee6467b6b323a8547b5559","reference":"b0450b539d1567b2acee6467b6b323a8547b5559","shasum":""},"type":"library","time":"2013-11-23T15:22:05+00:00","autoload":{"psr-0":{"Carbon":"src"}},"require":{"php":">=5.3.0"},"require-dev":{"phpunit\/phpunit":"3.7.*"},"uid":103733},"1.7.0":{"name":"nesbot\/carbon","description":"A simple API extension for DateTime.","keywords":["time","date","datetime"],"homepage":"https:\/\/github.com\/briannesbitt\/Carbon","version":"1.7.0","version_normalized":"1.7.0.0","license":["MIT"],"authors":[{"name":"Brian Nesbitt","email":"brian@nesbot.com","homepage":"http:\/\/nesbot.com"}],"source":{"type":"git","url":"https:\/\/github.com\/briannesbitt\/Carbon.git","reference":"03ede52a1f360441b5826cb8a798e0d0a919731f"},"dist":{"type":"zip","url":"https:\/\/api.github.com\/repos\/briannesbitt\/Carbon\/zipball\/03ede52a1f360441b5826cb8a798e0d0a919731f","reference":"03ede52a1f360441b5826cb8a798e0d0a919731f","shasum":""},"type":"library","time":"2013-12-05T04:13:29+00:00","autoload":{"psr-0":{"Carbon":"src"}},"require":{"php":">=5.3.0"},"require-dev":{"phpunit\/phpunit":"3.7.*"},"uid":107274},"1.8.0":{"name":"nesbot\/carbon","description":"A simple API extension for DateTime.","keywords":["time","date","datetime"],"homepage":"https:\/\/github.com\/briannesbitt\/Carbon","version":"1.8.0","version_normalized":"1.8.0.0","license":["MIT"],"authors":[{"name":"Brian Nesbitt","email":"brian@nesbot.com","homepage":"http:\/\/nesbot.com"}],"source":{"type":"git","url":"https:\/\/github.com\/briannesbitt\/Carbon.git","reference":"21c4cb4301969c7d85aee8a62eefdfa881413af0"},"dist":{"type":"zip","url":"https:\/\/api.github.com\/repos\/briannesbitt\/Carbon\/zipball\/21c4cb4301969c7d85aee8a62eefdfa881413af0","reference":"21c4cb4301969c7d85aee8a62eefdfa881413af0","shasum":""},"type":"library","time":"2014-01-07T05:10:44+00:00","autoload":{"psr-0":{"Carbon":"src"}},"require":{"php":">=5.3.0"},"require-dev":{"phpunit\/phpunit":"3.7.*"},"uid":117494},"1.9.0":{"name":"nesbot\/carbon","description":"A simple API extension for DateTime.","keywords":["time","date","datetime"],"homepage":"https:\/\/github.com\/briannesbitt\/Carbon","version":"1.9.0","version_normalized":"1.9.0.0","license":["MIT"],"authors":[{"name":"Brian Nesbitt","email":"brian@nesbot.com","homepage":"http:\/\/nesbot.com"}],"source":{"type":"git","url":"https:\/\/github.com\/briannesbitt\/Carbon.git","reference":"b94de7192b01d0e80794eae984dcc773220ab0dc"},"dist":{"type":"zip","url":"https:\/\/api.github.com\/repos\/briannesbitt\/Carbon\/zipball\/b94de7192b01d0e80794eae984dcc773220ab0dc","reference":"b94de7192b01d0e80794eae984dcc773220ab0dc","shasum":""},"type":"library","time":"2014-05-13T02:29:30+00:00","autoload":{"psr-0":{"Carbon":"src"}},"require":{"php":">=5.3.0"},"require-dev":{"phpunit\/phpunit":"3.7.*"},"uid":171707},"dev-master":{"name":"nesbot\/carbon","description":"A simple API extension for DateTime.","keywords":["time","date","datetime"],"homepage":"http:\/\/carbon.nesbot.com","version":"dev-master","version_normalized":"9999999-dev","license":["MIT"],"authors":[{"name":"Brian Nesbitt","email":"brian@nesbot.com","homepage":"http:\/\/nesbot.com"}],"source":{"type":"git","url":"https:\/\/github.com\/briannesbitt\/Carbon.git","reference":"926aee5ab38c2868816aa760f862a85ad01cb61a"},"dist":{"type":"zip","url":"https:\/\/api.github.com\/repos\/briannesbitt\/Carbon\/zipball\/926aee5ab38c2868816aa760f862a85ad01cb61a","reference":"926aee5ab38c2868816aa760f862a85ad01cb61a","shasum":""},"type":"library","time":"2017-02-06T22:02:47+00:00","autoload":{"psr-4":{"Carbon\\":"src\/Carbon\/"}},"extra":{"branch-alias":{"dev-master":"1.23-dev"}},"require":{"php":">=5.3.0","symfony\/translation":"~2.6 || ~3.0"},"require-dev":{"friendsofphp\/php-cs-fixer":"~2","phpunit\/phpunit":"~4.0 || ~5.0"},"uid":18831}},"top\/carbon":{"dev-dev-money24":{"name":"top\/carbon","description":"A simple API extension for DateTime.","keywords":["time","date","datetime"],"homepage":"http:\/\/money24.com","version":"dev-dev-money24","version_normalized":"dev-dev-money24","license":["MIT"],"authors":[],"source":{"type":"git","url":"https:\/\/github.com\/maxboom\/Carbon.git","reference":"dd55774af028f4278e680f80a692a9b7f415a430"},"dist":{"type":"zip","url":"https:\/\/api.github.com\/repos\/maxboom\/Carbon\/zipball\/dd55774af028f4278e680f80a692a9b7f415a430","reference":"dd55774af028f4278e680f80a692a9b7f415a430","shasum":""},"type":"library","time":"2016-10-31T16:28:11+00:00","autoload":{"psr-4":{"Carbon\\":"src\/Carbon\/"}},"extra":{"branch-alias":{"dev-master":"1.22-dev"}},"require":{"php":">=5.3.0","symfony\/translation":"~2.6|~3.0"},"require-dev":{"friendsofphp\/php-cs-fixer":"~1.11","phpunit\/phpunit":"~4.0|~5.0"},"replace":{"nesbot\/carbon":"*"},"uid":1063607},"dev-master":{"name":"top\/carbon","description":"A simple API extension for DateTime.","keywords":["time","date","datetime"],"homepage":"http:\/\/money24.com","version":"dev-master","version_normalized":"9999999-dev","license":["MIT"],"authors":[],"source":{"type":"git","url":"https:\/\/github.com\/maxboom\/Carbon.git","reference":"dd55774af028f4278e680f80a692a9b7f415a430"},"dist":{"type":"zip","url":"https:\/\/api.github.com\/repos\/maxboom\/Carbon\/zipball\/dd55774af028f4278e680f80a692a9b7f415a430","reference":"dd55774af028f4278e680f80a692a9b7f415a430","shasum":""},"type":"library","time":"2016-10-31T16:28:11+00:00","autoload":{"psr-4":{"Carbon\\":"src\/Carbon\/"}},"extra":{"branch-alias":{"dev-master":"1.22-dev"}},"require":{"php":">=5.3.0","symfony\/translation":"~2.6|~3.0"},"require-dev":{"friendsofphp\/php-cs-fixer":"~1.11","phpunit\/phpunit":"~4.0|~5.0"},"replace":{"nesbot\/carbon":"*"},"uid":1060590}},"urepo\/carbon":{"1.19.1":{"name":"urepo\/carbon","description":"A simple API extension for DateTime.","keywords":["time","date","datetime"],"homepage":"https:\/\/github.com\/briannesbitt\/Carbon","version":"1.19.1","version_normalized":"1.19.1.0","license":["MIT"],"authors":[{"name":"Brian Nesbitt","email":"brian@nesbot.com","homepage":"http:\/\/nesbot.com"}],"source":{"type":"git","url":"https:\/\/github.com\/urepo\/Carbon.git","reference":"016a0c9c8042999291214847199c98abce196acc"},"dist":{"type":"zip","url":"https:\/\/api.github.com\/repos\/urepo\/Carbon\/zipball\/016a0c9c8042999291214847199c98abce196acc","reference":"016a0c9c8042999291214847199c98abce196acc","shasum":""},"type":"library","time":"2015-06-07T09:39:07+00:00","autoload":{"psr-0":{"Carbon":"src"}},"require":{"php":">=5.4.0","symfony\/translation":"~2.6"},"require-dev":{"phpunit\/phpunit":"~4.0"},"replace":{"nesbot\/carbon":"~1.0"},"uid":426857},"dev-master":{"name":"urepo\/carbon","description":"A simple API extension for DateTime.","keywords":["time","date","datetime"],"homepage":"https:\/\/github.com\/briannesbitt\/Carbon","version":"dev-master","version_normalized":"9999999-dev","license":["MIT"],"authors":[{"name":"Brian Nesbitt","email":"brian@nesbot.com","homepage":"http:\/\/nesbot.com"}],"source":{"type":"git","url":"https:\/\/github.com\/urepo\/Carbon.git","reference":"016a0c9c8042999291214847199c98abce196acc"},"dist":{"type":"zip","url":"https:\/\/api.github.com\/repos\/urepo\/Carbon\/zipball\/016a0c9c8042999291214847199c98abce196acc","reference":"016a0c9c8042999291214847199c98abce196acc","shasum":""},"type":"library","time":"2015-06-07T09:39:07+00:00","autoload":{"psr-0":{"Carbon":"src"}},"require":{"php":">=5.4.0","symfony\/translation":"~2.6"},"require-dev":{"phpunit\/phpunit":"~4.0"},"replace":{"nesbot\/carbon":"~1.0"},"uid":426853}}}}