{"packages":{"ircmaxell\/password-compat":{"1.0.0":{"name":"ircmaxell\/password-compat","description":"A compatibility library for the proposed simplified password hashing algorithm: https:\/\/wiki.php.net\/rfc\/password_hash","keywords":["password","hashing"],"homepage":"https:\/\/github.com\/ircmaxell\/password_compat","version":"1.0.0","version_normalized":"1.0.0.0","license":["MIT"],"authors":[{"name":"Anthony Ferrara","email":"ircmaxell@ircmaxell.com","homepage":"http:\/\/blog.ircmaxell.com"}],"source":{"type":"git","url":"https:\/\/github.com\/ircmaxell\/password_compat.git","reference":"58151cf24e73119576c2a016393120f9c146448b"},"dist":{"type":"zip","url":"https:\/\/api.github.com\/repos\/ircmaxell\/password_compat\/zipball\/58151cf24e73119576c2a016393120f9c146448b","reference":"58151cf24e73119576c2a016393120f9c146448b","shasum":""},"type":"library","time":"2013-01-14T16:49:31+00:00","autoload":{"files":["lib\/password.php"]},"uid":32165},"1.0.1":{"name":"ircmaxell\/password-compat","description":"A compatibility library for the proposed simplified password hashing algorithm: https:\/\/wiki.php.net\/rfc\/password_hash","keywords":["password","hashing"],"homepage":"https:\/\/github.com\/ircmaxell\/password_compat","version":"1.0.1","version_normalized":"1.0.1.0","license":["MIT"],"authors":[{"name":"Anthony Ferrara","email":"ircmaxell@ircmaxell.com","homepage":"http:\/\/blog.ircmaxell.com"}],"source":{"type":"git","url":"https:\/\/github.com\/ircmaxell\/password_compat.git","reference":"9995cba36810f8251ec12b712c752d6c782f5438"},"dist":{"type":"zip","url":"https:\/\/api.github.com\/repos\/ircmaxell\/password_compat\/zipball\/9995cba36810f8251ec12b712c752d6c782f5438","reference":"9995cba36810f8251ec12b712c752d6c782f5438","shasum":""},"type":"library","time":"2013-04-30T17:55:14+00:00","autoload":{"files":["lib\/password.php"]},"uid":51965},"1.0.2":{"name":"ircmaxell\/password-compat","description":"A compatibility library for the proposed simplified password hashing algorithm: https:\/\/wiki.php.net\/rfc\/password_hash","keywords":["password","hashing"],"homepage":"https:\/\/github.com\/ircmaxell\/password_compat","version":"1.0.2","version_normalized":"1.0.2.0","license":["MIT"],"authors":[{"name":"Anthony Ferrara","email":"ircmaxell@ircmaxell.com","homepage":"http:\/\/blog.ircmaxell.com"}],"source":{"type":"git","url":"https:\/\/github.com\/ircmaxell\/password_compat.git","reference":"0d336a72f1012a375aa3215e7f3e75e58eaad31b"},"dist":{"type":"zip","url":"https:\/\/api.github.com\/repos\/ircmaxell\/password_compat\/zipball\/0d336a72f1012a375aa3215e7f3e75e58eaad31b","reference":"0d336a72f1012a375aa3215e7f3e75e58eaad31b","shasum":""},"type":"library","time":"2013-04-30T18:15:17+00:00","autoload":{"files":["lib\/password.php"]},"uid":51973},"1.0.3":{"name":"ircmaxell\/password-compat","description":"A compatibility library for the proposed simplified password hashing algorithm: https:\/\/wiki.php.net\/rfc\/password_hash","keywords":["password","hashing"],"homepage":"https:\/\/github.com\/ircmaxell\/password_compat","version":"1.0.3","version_normalized":"1.0.3.0","license":["MIT"],"authors":[{"name":"Anthony Ferrara","email":"ircmaxell@ircmaxell.com","homepage":"http:\/\/blog.ircmaxell.com"}],"source":{"type":"git","url":"https:\/\/github.com\/ircmaxell\/password_compat.git","reference":"1fc1521b5e9794ea77e4eca30717be9635f1d4f4"},"dist":{"type":"zip","url":"https:\/\/api.github.com\/repos\/ircmaxell\/password_compat\/zipball\/1fc1521b5e9794ea77e4eca30717be9635f1d4f4","reference":"1fc1521b5e9794ea77e4eca30717be9635f1d4f4","shasum":""},"type":"library","time":"2013-04-30T19:58:08+00:00","autoload":{"files":["lib\/password.php"]},"uid":51991},"1.0.x-dev":{"name":"ircmaxell\/password-compat","description":"A compatibility library for the proposed simplified password hashing algorithm: https:\/\/wiki.php.net\/rfc\/password_hash","keywords":["password","hashing"],"homepage":"https:\/\/github.com\/ircmaxell\/password_compat","version":"1.0.x-dev","version_normalized":"1.0.9999999.9999999-dev","license":["MIT"],"authors":[{"name":"Anthony Ferrara","email":"ircmaxell@php.net","homepage":"http:\/\/blog.ircmaxell.com"}],"source":{"type":"git","url":"https:\/\/github.com\/ircmaxell\/password_compat.git","reference":"9b99377557a33a4129c9194e60a97a685fab21e0"},"dist":{"type":"zip","url":"https:\/\/api.github.com\/repos\/ircmaxell\/password_compat\/zipball\/9b99377557a33a4129c9194e60a97a685fab21e0","reference":"9b99377557a33a4129c9194e60a97a685fab21e0","shasum":""},"type":"library","time":"2014-11-20T19:18:42+00:00","autoload":{"files":["lib\/password.php"]},"require-dev":{"phpunit\/phpunit":"4.*"},"uid":32164},"dev-master":{"name":"ircmaxell\/password-compat","description":"A compatibility library for the proposed simplified password hashing algorithm: https:\/\/wiki.php.net\/rfc\/password_hash","keywords":["password","hashing"],"homepage":"https:\/\/github.com\/ircmaxell\/password_compat","version":"dev-master","version_normalized":"9999999-dev","license":["MIT"],"authors":[{"name":"Anthony Ferrara","email":"ircmaxell@php.net","homepage":"http:\/\/blog.ircmaxell.com"}],"source":{"type":"git","url":"https:\/\/github.com\/ircmaxell\/password_compat.git","reference":"dfdbc467fba0d1db4c2f51fda58e1717046f3284"},"dist":{"type":"zip","url":"https:\/\/api.github.com\/repos\/ircmaxell\/password_compat\/zipball\/dfdbc467fba0d1db4c2f51fda58e1717046f3284","reference":"dfdbc467fba0d1db4c2f51fda58e1717046f3284","shasum":""},"type":"library","time":"2017-03-20T21:17:32+00:00","autoload":{"files":["lib\/password.php"]},"require-dev":{"phpunit\/phpunit":"4.*"},"uid":19038},"dev-nicholas-grekas-xor-fix":{"name":"ircmaxell\/password-compat","description":"A compatibility library for the proposed simplified password hashing algorithm: https:\/\/wiki.php.net\/rfc\/password_hash","keywords":["password","hashing"],"homepage":"https:\/\/github.com\/ircmaxell\/password_compat","version":"dev-nicholas-grekas-xor-fix","version_normalized":"dev-nicholas-grekas-xor-fix","license":["MIT"],"authors":[{"name":"Anthony Ferrara","email":"ircmaxell@ircmaxell.com","homepage":"http:\/\/blog.ircmaxell.com"}],"source":{"type":"git","url":"https:\/\/github.com\/ircmaxell\/password_compat.git","reference":"743710e7d6e463bc4f0a3f1151334e93e8f72050"},"dist":{"type":"zip","url":"https:\/\/api.github.com\/repos\/ircmaxell\/password_compat\/zipball\/743710e7d6e463bc4f0a3f1151334e93e8f72050","reference":"743710e7d6e463bc4f0a3f1151334e93e8f72050","shasum":""},"type":"library","time":"2012-09-18T15:40:16+00:00","autoload":{"files":["lib\/password.php"]},"require":{"php":">= 5.3.7"},"uid":51971},"v1.0.4":{"name":"ircmaxell\/password-compat","description":"A compatibility library for the proposed simplified password hashing algorithm: https:\/\/wiki.php.net\/rfc\/password_hash","keywords":["password","hashing"],"homepage":"https:\/\/github.com\/ircmaxell\/password_compat","version":"v1.0.4","version_normalized":"1.0.4.0","license":["MIT"],"authors":[{"name":"Anthony Ferrara","email":"ircmaxell@php.net","homepage":"http:\/\/blog.ircmaxell.com"}],"source":{"type":"git","url":"https:\/\/github.com\/ircmaxell\/password_compat.git","reference":"5c5cde8822a69545767f7c7f3058cb15ff84614c"},"dist":{"type":"zip","url":"https:\/\/api.github.com\/repos\/ircmaxell\/password_compat\/zipball\/5c5cde8822a69545767f7c7f3058cb15ff84614c","reference":"5c5cde8822a69545767f7c7f3058cb15ff84614c","shasum":""},"type":"library","time":"2014-11-20T16:49:30+00:00","autoload":{"files":["lib\/password.php"]},"require-dev":{"phpunit\/phpunit":"4.*"},"uid":274277}}}}