{"packages":{"webmozart\/assert":{"1.0.0":{"name":"webmozart\/assert","description":"Efficient assertions to validate the input\/output of your methods.","keywords":["check","assert","validate"],"homepage":"","version":"1.0.0","version_normalized":"1.0.0.0","license":["MIT"],"authors":[{"name":"Bernhard Schussek","email":"bschussek@gmail.com"}],"source":{"type":"git","url":"https:\/\/github.com\/webmozart\/assert.git","reference":"3371442b05531d8490d0b51b90b55e61948b0f10"},"dist":{"type":"zip","url":"https:\/\/api.github.com\/repos\/webmozart\/assert\/zipball\/3371442b05531d8490d0b51b90b55e61948b0f10","reference":"3371442b05531d8490d0b51b90b55e61948b0f10","shasum":""},"type":"library","time":"2015-05-12T12:40:29+00:00","autoload":{"psr-4":{"Webmozart\\Assert\\":"src\/"}},"extra":{"branch-alias":{"dev-master":"2.0-dev"}},"require":{"php":">=5.3.9"},"uid":404301},"1.0.0-beta":{"name":"webmozart\/assert","description":"Efficient assertions to validate the input\/output of your methods.","keywords":["check","assert","validate"],"homepage":"","version":"1.0.0-beta","version_normalized":"1.0.0.0-beta","license":["MIT"],"authors":[{"name":"Bernhard Schussek","email":"bschussek@gmail.com"}],"source":{"type":"git","url":"https:\/\/github.com\/webmozart\/assert.git","reference":"e0014a40f6a152293ee63d97b59d52e78ce7e098"},"dist":{"type":"zip","url":"https:\/\/api.github.com\/repos\/webmozart\/assert\/zipball\/e0014a40f6a152293ee63d97b59d52e78ce7e098","reference":"e0014a40f6a152293ee63d97b59d52e78ce7e098","shasum":""},"type":"library","time":"2015-03-19T11:05:13+00:00","autoload":{"psr-4":{"Webmozart\\Assert\\":"src\/"}},"extra":{"branch-alias":{"dev-master":"1.0-dev"}},"require":{"php":">=5.3.9"},"uid":361008},"1.0.1":{"name":"webmozart\/assert","description":"Assertions to validate method input\/output with nice error messages.","keywords":["check","assert","validate"],"homepage":"","version":"1.0.1","version_normalized":"1.0.1.0","license":["MIT"],"authors":[{"name":"Bernhard Schussek","email":"bschussek@gmail.com"}],"source":{"type":"git","url":"https:\/\/github.com\/webmozart\/assert.git","reference":"b8ef76d0f0c3b9a0a1bc987085fe0a0ddba984ab"},"dist":{"type":"zip","url":"https:\/\/api.github.com\/repos\/webmozart\/assert\/zipball\/b8ef76d0f0c3b9a0a1bc987085fe0a0ddba984ab","reference":"b8ef76d0f0c3b9a0a1bc987085fe0a0ddba984ab","shasum":""},"type":"library","time":"2015-05-12T15:19:25+00:00","autoload":{"psr-4":{"Webmozart\\Assert\\":"src\/"}},"extra":{"branch-alias":{"dev-master":"1.0-dev"}},"require":{"php":">=5.3.3"},"uid":404471},"1.0.2":{"name":"webmozart\/assert","description":"Assertions to validate method input\/output with nice error messages.","keywords":["check","assert","validate"],"homepage":"","version":"1.0.2","version_normalized":"1.0.2.0","license":["MIT"],"authors":[{"name":"Bernhard Schussek","email":"bschussek@gmail.com"}],"source":{"type":"git","url":"https:\/\/github.com\/webmozart\/assert.git","reference":"30eed06dd6bc88410a4ff7f77b6d22f3ce13dbde"},"dist":{"type":"zip","url":"https:\/\/api.github.com\/repos\/webmozart\/assert\/zipball\/30eed06dd6bc88410a4ff7f77b6d22f3ce13dbde","reference":"30eed06dd6bc88410a4ff7f77b6d22f3ce13dbde","shasum":""},"type":"library","time":"2015-08-24T13:29:44+00:00","autoload":{"psr-4":{"Webmozart\\Assert\\":"src\/"}},"extra":{"branch-alias":{"dev-master":"1.0-dev"}},"require":{"php":">=5.3.3"},"require-dev":{"phpunit\/phpunit":"^4.6"},"uid":500455},"1.1.0":{"name":"webmozart\/assert","description":"Assertions to validate method input\/output with nice error messages.","keywords":["check","assert","validate"],"homepage":"","version":"1.1.0","version_normalized":"1.1.0.0","license":["MIT"],"authors":[{"name":"Bernhard Schussek","email":"bschussek@gmail.com"}],"source":{"type":"git","url":"https:\/\/github.com\/webmozart\/assert.git","reference":"bb2d123231c095735130cc8f6d31385a44c7b308"},"dist":{"type":"zip","url":"https:\/\/api.github.com\/repos\/webmozart\/assert\/zipball\/bb2d123231c095735130cc8f6d31385a44c7b308","reference":"bb2d123231c095735130cc8f6d31385a44c7b308","shasum":""},"type":"library","time":"2016-08-09T15:02:57+00:00","autoload":{"psr-4":{"Webmozart\\Assert\\":"src\/"}},"extra":{"branch-alias":{"dev-master":"1.2-dev"}},"require":{"php":"^5.3.3|^7.0"},"require-dev":{"phpunit\/phpunit":"^4.6","sebastian\/version":"^1.0.1"},"uid":940216},"1.2.0":{"name":"webmozart\/assert","description":"Assertions to validate method input\/output with nice error messages.","keywords":["check","assert","validate"],"homepage":"","version":"1.2.0","version_normalized":"1.2.0.0","license":["MIT"],"authors":[{"name":"Bernhard Schussek","email":"bschussek@gmail.com"}],"source":{"type":"git","url":"https:\/\/github.com\/webmozart\/assert.git","reference":"2db61e59ff05fe5126d152bd0655c9ea113e550f"},"dist":{"type":"zip","url":"https:\/\/api.github.com\/repos\/webmozart\/assert\/zipball\/2db61e59ff05fe5126d152bd0655c9ea113e550f","reference":"2db61e59ff05fe5126d152bd0655c9ea113e550f","shasum":""},"type":"library","time":"2016-11-23T20:04:58+00:00","autoload":{"psr-4":{"Webmozart\\Assert\\":"src\/"}},"extra":{"branch-alias":{"dev-master":"1.3-dev"}},"require":{"php":"^5.3.3 || ^7.0"},"require-dev":{"phpunit\/phpunit":"^4.6","sebastian\/version":"^1.0.1"},"uid":1095125},"dev-master":{"name":"webmozart\/assert","description":"Assertions to validate method input\/output with nice error messages.","keywords":["check","assert","validate"],"homepage":"","version":"dev-master","version_normalized":"9999999-dev","license":["MIT"],"authors":[{"name":"Bernhard Schussek","email":"bschussek@gmail.com"}],"source":{"type":"git","url":"https:\/\/github.com\/webmozart\/assert.git","reference":"4a8bf11547e139e77b651365113fc12850c43d9a"},"dist":{"type":"zip","url":"https:\/\/api.github.com\/repos\/webmozart\/assert\/zipball\/4a8bf11547e139e77b651365113fc12850c43d9a","reference":"4a8bf11547e139e77b651365113fc12850c43d9a","shasum":""},"type":"library","time":"2016-11-23T20:04:41+00:00","autoload":{"psr-4":{"Webmozart\\Assert\\":"src\/"}},"extra":{"branch-alias":{"dev-master":"1.3-dev"}},"require":{"php":"^5.3.3 || ^7.0"},"require-dev":{"phpunit\/phpunit":"^4.6","sebastian\/version":"^1.0.1"},"uid":353603}}}}