{"packages":{"lss\/yacontainer":{"dev-master":{"name":"lss\/yacontainer","description":"Lightweight PSR11 Dependency Injection Container","keywords":["dependency injection","container","PSR-11"],"homepage":"https:\/\/github.com\/pavarnos\/YAContainer","version":"dev-master","version_normalized":"9999999-dev","license":["MIT"],"authors":[{"name":"Steve Pavarno","email":"pavarnos@gmail.com"}],"source":{"type":"git","url":"https:\/\/github.com\/pavarnos\/YAContainer.git","reference":"baec7ba4d2c0608f534c6f0779748baf99a04727"},"dist":{"type":"zip","url":"https:\/\/api.github.com\/repos\/pavarnos\/YAContainer\/zipball\/baec7ba4d2c0608f534c6f0779748baf99a04727","reference":"baec7ba4d2c0608f534c6f0779748baf99a04727","shasum":""},"type":"library","time":"2017-04-23T21:50:31+00:00","autoload":{"psr-4":{"LSS\\YAContainer\\":"src"}},"require":{"php":"~7.1","psr\/container":"^1.0"},"require-dev":{"phpunit\/phpunit":"^6.1","pds\/skeleton":"^1.0","squizlabs\/php_codesniffer":"^2.8"},"provide":{"psr\/container":"1.0"},"uid":1346101}},"psr\/container":{"1.0.0":{"name":"psr\/container","description":"Common Container Interface (PHP FIG PSR-11)","keywords":["container","psr","container-interop","PSR-11","container-interface"],"homepage":"https:\/\/github.com\/php-fig\/container","version":"1.0.0","version_normalized":"1.0.0.0","license":["MIT"],"authors":[{"name":"PHP-FIG","homepage":"http:\/\/www.php-fig.org\/"}],"source":{"type":"git","url":"https:\/\/github.com\/php-fig\/container.git","reference":"b7ce3b176482dbbc1245ebf52b181af44c2cf55f"},"dist":{"type":"zip","url":"https:\/\/api.github.com\/repos\/php-fig\/container\/zipball\/b7ce3b176482dbbc1245ebf52b181af44c2cf55f","reference":"b7ce3b176482dbbc1245ebf52b181af44c2cf55f","shasum":""},"type":"library","time":"2017-02-14T16:28:37+00:00","autoload":{"psr-4":{"Psr\\Container\\":"src\/"}},"extra":{"branch-alias":{"dev-master":"1.0.x-dev"}},"require":{"php":">=5.3.0"},"uid":1232182},"dev-master":{"name":"psr\/container","description":"Common Container Interface (PHP FIG PSR-11)","keywords":["container","psr","container-interop","PSR-11","container-interface"],"homepage":"https:\/\/github.com\/php-fig\/container","version":"dev-master","version_normalized":"9999999-dev","license":["MIT"],"authors":[{"name":"PHP-FIG","homepage":"http:\/\/www.php-fig.org\/"}],"source":{"type":"git","url":"https:\/\/github.com\/php-fig\/container.git","reference":"2cc4a01788191489dc7459446ba832fa79a216a7"},"dist":{"type":"zip","url":"https:\/\/api.github.com\/repos\/php-fig\/container\/zipball\/2cc4a01788191489dc7459446ba832fa79a216a7","reference":"2cc4a01788191489dc7459446ba832fa79a216a7","shasum":""},"type":"library","time":"2017-06-28T15:35:32+00:00","autoload":{"psr-4":{"Psr\\Container\\":"src\/"}},"extra":{"branch-alias":{"dev-master":"1.0.x-dev"}},"require":{"php":">=5.3.0"},"uid":985769}},"starlit\/app":{"0.3.0":{"name":"starlit\/app","description":"A lightweight MVC style microframework.","keywords":["framework","mvc"],"homepage":"http:\/\/github.com\/starweb\/starlit-app","version":"0.3.0","version_normalized":"0.3.0.0","license":["BSD-3-Clause"],"authors":[{"name":"Starweb AB"}],"source":{"type":"git","url":"https:\/\/github.com\/starweb\/starlit-app.git","reference":"79f226653e7a3467aeb4cd0bce46c170a3f0da1d"},"dist":{"type":"zip","url":"https:\/\/api.github.com\/repos\/starweb\/starlit-app\/zipball\/79f226653e7a3467aeb4cd0bce46c170a3f0da1d","reference":"79f226653e7a3467aeb4cd0bce46c170a3f0da1d","shasum":""},"type":"library","time":"2017-02-26T23:12:02+00:00","autoload":{"psr-4":{"Starlit\\App\\":"src"}},"require":{"php":">=5.6.0","psr\/container":"^1.0","starlit\/utils":"~0.1","symfony\/http-foundation":"^3.0","symfony\/routing":"^3.0","filp\/whoops":"^2.0","monolog\/monolog":"^1.0"},"require-dev":{"phpunit\/phpunit":"^5.7","starlit\/paginator":"~0.1"},"suggest":{"starlit\/paginator":"Required for use of the pagination view helper","mustache\/mustache":"To render mustache templates with PHP"},"provide":{"psr\/container":"1.0"},"uid":1256204}}}}