{"packages":{"myclabs\/deep-copy":{"1.0.0":{"name":"myclabs\/deep-copy","description":"Create deep copies (clones) of your objects","keywords":["object","clone","object graph","duplicate","copy"],"homepage":"https:\/\/github.com\/myclabs\/DeepCopy","version":"1.0.0","version_normalized":"1.0.0.0","license":["MIT"],"authors":[],"source":{"type":"git","url":"https:\/\/github.com\/myclabs\/DeepCopy.git","reference":"2c8df9f6a975b8cb2d619a9722ded6f23a104294"},"dist":{"type":"zip","url":"https:\/\/api.github.com\/repos\/myclabs\/DeepCopy\/zipball\/2c8df9f6a975b8cb2d619a9722ded6f23a104294","reference":"2c8df9f6a975b8cb2d619a9722ded6f23a104294","shasum":""},"type":"library","time":"2013-10-01T10:30:23+00:00","autoload":{"psr-0":{"DeepCopy":"src\/","DeepCopyTest":"tests\/"}},"require":{"php":">=5.4.0"},"require-dev":{"doctrine\/collections":"1.*"},"uid":88457},"1.0.1":{"name":"myclabs\/deep-copy","description":"Create deep copies (clones) of your objects","keywords":["object","clone","object graph","duplicate","copy"],"homepage":"https:\/\/github.com\/myclabs\/DeepCopy","version":"1.0.1","version_normalized":"1.0.1.0","license":["MIT"],"authors":[],"source":{"type":"git","url":"https:\/\/github.com\/myclabs\/DeepCopy.git","reference":"1ee53258c4076953dc512e78db00adbd7e5b21cd"},"dist":{"type":"zip","url":"https:\/\/api.github.com\/repos\/myclabs\/DeepCopy\/zipball\/1ee53258c4076953dc512e78db00adbd7e5b21cd","reference":"1ee53258c4076953dc512e78db00adbd7e5b21cd","shasum":""},"type":"library","time":"2014-02-14T08:59:38+00:00","autoload":{"psr-0":{"DeepCopy":"src\/","DeepCopyTest":"tests\/"}},"require":{"php":">=5.4.0"},"require-dev":{"doctrine\/collections":"1.*"},"uid":133581},"1.1.0":{"name":"myclabs\/deep-copy","description":"Create deep copies (clones) of your objects","keywords":["object","clone","object graph","duplicate","copy"],"homepage":"https:\/\/github.com\/myclabs\/DeepCopy","version":"1.1.0","version_normalized":"1.1.0.0","license":["MIT"],"authors":[],"source":{"type":"git","url":"https:\/\/github.com\/myclabs\/DeepCopy.git","reference":"804c17d20d938a1d3c425307189e65f49b53231e"},"dist":{"type":"zip","url":"https:\/\/api.github.com\/repos\/myclabs\/DeepCopy\/zipball\/804c17d20d938a1d3c425307189e65f49b53231e","reference":"804c17d20d938a1d3c425307189e65f49b53231e","shasum":""},"type":"library","time":"2014-03-21T12:53:08+00:00","autoload":{"psr-0":{"DeepCopy":"src\/","DeepCopyTest":"tests\/"}},"require":{"php":">=5.4.0"},"require-dev":{"doctrine\/collections":"1.*"},"uid":148201},"1.2.0":{"name":"myclabs\/deep-copy","description":"Create deep copies (clones) of your objects","keywords":["object","clone","object graph","duplicate","copy"],"homepage":"https:\/\/github.com\/myclabs\/DeepCopy","version":"1.2.0","version_normalized":"1.2.0.0","license":["MIT"],"authors":[],"source":{"type":"git","url":"https:\/\/github.com\/myclabs\/DeepCopy.git","reference":"f0cb3bd7eddef40adcc1a1aaeaf569ceb3164532"},"dist":{"type":"zip","url":"https:\/\/api.github.com\/repos\/myclabs\/DeepCopy\/zipball\/f0cb3bd7eddef40adcc1a1aaeaf569ceb3164532","reference":"f0cb3bd7eddef40adcc1a1aaeaf569ceb3164532","shasum":""},"type":"library","time":"2014-08-29T00:01:20+00:00","autoload":{"psr-4":{"DeepCopy\\":"src\/DeepCopy\/"}},"require":{"php":">=5.4.0"},"require-dev":{"doctrine\/collections":"1.*","phpunit\/phpunit":"~4.1"},"uid":225375},"1.2.1":{"name":"myclabs\/deep-copy","description":"Create deep copies (clones) of your objects","keywords":["object","clone","object graph","duplicate","copy"],"homepage":"https:\/\/github.com\/myclabs\/DeepCopy","version":"1.2.1","version_normalized":"1.2.1.0","license":["MIT"],"authors":[],"source":{"type":"git","url":"https:\/\/github.com\/myclabs\/DeepCopy.git","reference":"d93c485e71bcd22df0a994e9e3e03a3ef3a3e3f3"},"dist":{"type":"zip","url":"https:\/\/api.github.com\/repos\/myclabs\/DeepCopy\/zipball\/d93c485e71bcd22df0a994e9e3e03a3ef3a3e3f3","reference":"d93c485e71bcd22df0a994e9e3e03a3ef3a3e3f3","shasum":""},"type":"library","time":"2014-11-20T05:11:17+00:00","autoload":{"psr-4":{"DeepCopy\\":"src\/DeepCopy\/"}},"require":{"php":">=5.4.0"},"require-dev":{"doctrine\/collections":"1.*","phpunit\/phpunit":"~4.1"},"uid":273741},"1.3.0":{"name":"myclabs\/deep-copy","description":"Create deep copies (clones) of your objects","keywords":["object","clone","object graph","duplicate","copy"],"homepage":"https:\/\/github.com\/myclabs\/DeepCopy","version":"1.3.0","version_normalized":"1.3.0.0","license":["MIT"],"authors":[],"source":{"type":"git","url":"https:\/\/github.com\/myclabs\/DeepCopy.git","reference":"96fbdc07635989c35c5a1912379f4c4b2ab15fd5"},"dist":{"type":"zip","url":"https:\/\/api.github.com\/repos\/myclabs\/DeepCopy\/zipball\/96fbdc07635989c35c5a1912379f4c4b2ab15fd5","reference":"96fbdc07635989c35c5a1912379f4c4b2ab15fd5","shasum":""},"type":"library","time":"2015-03-21T22:40:23+00:00","autoload":{"psr-4":{"DeepCopy\\":"src\/DeepCopy\/"}},"require":{"php":">=5.4.0"},"require-dev":{"doctrine\/collections":"1.*","phpunit\/phpunit":"~4.1"},"uid":362880},"1.3.1":{"name":"myclabs\/deep-copy","description":"Create deep copies (clones) of your objects","keywords":["object","clone","object graph","duplicate","copy"],"homepage":"https:\/\/github.com\/myclabs\/DeepCopy","version":"1.3.1","version_normalized":"1.3.1.0","license":["MIT"],"authors":[],"source":{"type":"git","url":"https:\/\/github.com\/myclabs\/DeepCopy.git","reference":"95d662954e06000cdf63ec9c9f0a6c598d9c5eb9"},"dist":{"type":"zip","url":"https:\/\/api.github.com\/repos\/myclabs\/DeepCopy\/zipball\/95d662954e06000cdf63ec9c9f0a6c598d9c5eb9","reference":"95d662954e06000cdf63ec9c9f0a6c598d9c5eb9","shasum":""},"type":"library","time":"2015-07-19T19:57:13+00:00","autoload":{"psr-4":{"DeepCopy\\":"src\/DeepCopy\/"}},"require":{"php":">=5.4.0"},"require-dev":{"doctrine\/collections":"1.*","phpunit\/phpunit":"~4.1"},"uid":466155},"1.4.0":{"name":"myclabs\/deep-copy","description":"Create deep copies (clones) of your objects","keywords":["object","clone","object graph","duplicate","copy"],"homepage":"https:\/\/github.com\/myclabs\/DeepCopy","version":"1.4.0","version_normalized":"1.4.0.0","license":["MIT"],"authors":[],"source":{"type":"git","url":"https:\/\/github.com\/myclabs\/DeepCopy.git","reference":"d8093b631a31628342d0703764935f8bac2c56b1"},"dist":{"type":"zip","url":"https:\/\/api.github.com\/repos\/myclabs\/DeepCopy\/zipball\/d8093b631a31628342d0703764935f8bac2c56b1","reference":"d8093b631a31628342d0703764935f8bac2c56b1","shasum":""},"type":"library","time":"2015-10-05T15:07:09+00:00","autoload":{"psr-4":{"DeepCopy\\":"src\/DeepCopy\/"}},"require":{"php":">=5.4.0"},"require-dev":{"doctrine\/collections":"1.*","phpunit\/phpunit":"~4.1"},"uid":541664},"1.5.0":{"name":"myclabs\/deep-copy","description":"Create deep copies (clones) of your objects","keywords":["object","clone","object graph","duplicate","copy"],"homepage":"https:\/\/github.com\/myclabs\/DeepCopy","version":"1.5.0","version_normalized":"1.5.0.0","license":["MIT"],"authors":[],"source":{"type":"git","url":"https:\/\/github.com\/myclabs\/DeepCopy.git","reference":"e3abefcd7f106677fd352cd7c187d6c969aa9ddc"},"dist":{"type":"zip","url":"https:\/\/api.github.com\/repos\/myclabs\/DeepCopy\/zipball\/e3abefcd7f106677fd352cd7c187d6c969aa9ddc","reference":"e3abefcd7f106677fd352cd7c187d6c969aa9ddc","shasum":""},"type":"library","time":"2015-11-07T22:20:37+00:00","autoload":{"psr-4":{"DeepCopy\\":"src\/DeepCopy\/"}},"require":{"php":">=5.4.0"},"require-dev":{"doctrine\/collections":"1.*","phpunit\/phpunit":"~4.1"},"uid":577701},"1.5.1":{"name":"myclabs\/deep-copy","description":"Create deep copies (clones) of your objects","keywords":["object","clone","object graph","duplicate","copy"],"homepage":"https:\/\/github.com\/myclabs\/DeepCopy","version":"1.5.1","version_normalized":"1.5.1.0","license":["MIT"],"authors":[],"source":{"type":"git","url":"https:\/\/github.com\/myclabs\/DeepCopy.git","reference":"a8773992b362b58498eed24bf85005f363c34771"},"dist":{"type":"zip","url":"https:\/\/api.github.com\/repos\/myclabs\/DeepCopy\/zipball\/a8773992b362b58498eed24bf85005f363c34771","reference":"a8773992b362b58498eed24bf85005f363c34771","shasum":""},"type":"library","time":"2015-11-20T12:04:31+00:00","autoload":{"psr-4":{"DeepCopy\\":"src\/DeepCopy\/"}},"require":{"php":">=5.4.0"},"require-dev":{"doctrine\/collections":"1.*","phpunit\/phpunit":"~4.1"},"uid":801744},"1.5.2":{"name":"myclabs\/deep-copy","description":"Create deep copies (clones) of your objects","keywords":["object","clone","object graph","duplicate","copy"],"homepage":"https:\/\/github.com\/myclabs\/DeepCopy","version":"1.5.2","version_normalized":"1.5.2.0","license":["MIT"],"authors":[],"source":{"type":"git","url":"https:\/\/github.com\/myclabs\/DeepCopy.git","reference":"da8529775f14f4fdae33f916eb0cf65f6afbddbc"},"dist":{"type":"zip","url":"https:\/\/api.github.com\/repos\/myclabs\/DeepCopy\/zipball\/da8529775f14f4fdae33f916eb0cf65f6afbddbc","reference":"da8529775f14f4fdae33f916eb0cf65f6afbddbc","shasum":""},"type":"library","time":"2016-09-06T16:07:05+00:00","autoload":{"psr-4":{"DeepCopy\\":"src\/DeepCopy\/"}},"require":{"php":">=5.4.0"},"require-dev":{"doctrine\/collections":"1.*","phpunit\/phpunit":"~4.1"},"uid":981844},"1.5.3":{"name":"myclabs\/deep-copy","description":"Create deep copies (clones) of your objects","keywords":["object","clone","object graph","duplicate","copy"],"homepage":"https:\/\/github.com\/myclabs\/DeepCopy","version":"1.5.3","version_normalized":"1.5.3.0","license":["MIT"],"authors":[],"source":{"type":"git","url":"https:\/\/github.com\/myclabs\/DeepCopy.git","reference":"94e5ca3e90aa5b34663780393e10914f7438f991"},"dist":{"type":"zip","url":"https:\/\/api.github.com\/repos\/myclabs\/DeepCopy\/zipball\/94e5ca3e90aa5b34663780393e10914f7438f991","reference":"94e5ca3e90aa5b34663780393e10914f7438f991","shasum":""},"type":"library","time":"2016-09-07T15:34:10+00:00","autoload":{"psr-4":{"DeepCopy\\":"src\/DeepCopy\/"}},"require":{"php":">=5.4.0"},"require-dev":{"doctrine\/collections":"1.*","phpunit\/phpunit":"~4.1"},"uid":990785},"1.5.4":{"name":"myclabs\/deep-copy","description":"Create deep copies (clones) of your objects","keywords":["object","clone","object graph","duplicate","copy"],"homepage":"https:\/\/github.com\/myclabs\/DeepCopy","version":"1.5.4","version_normalized":"1.5.4.0","license":["MIT"],"authors":[],"source":{"type":"git","url":"https:\/\/github.com\/myclabs\/DeepCopy.git","reference":"ea74994a3dc7f8d2f65a06009348f2d63c81e61f"},"dist":{"type":"zip","url":"https:\/\/api.github.com\/repos\/myclabs\/DeepCopy\/zipball\/ea74994a3dc7f8d2f65a06009348f2d63c81e61f","reference":"ea74994a3dc7f8d2f65a06009348f2d63c81e61f","shasum":""},"type":"library","time":"2016-09-16T13:37:59+00:00","autoload":{"psr-4":{"DeepCopy\\":"src\/DeepCopy\/"}},"require":{"php":">=5.4.0"},"require-dev":{"doctrine\/collections":"1.*","phpunit\/phpunit":"~4.1"},"uid":996695},"1.5.5":{"name":"myclabs\/deep-copy","description":"Create deep copies (clones) of your objects","keywords":["object","clone","object graph","duplicate","copy"],"homepage":"https:\/\/github.com\/myclabs\/DeepCopy","version":"1.5.5","version_normalized":"1.5.5.0","license":["MIT"],"authors":[],"source":{"type":"git","url":"https:\/\/github.com\/myclabs\/DeepCopy.git","reference":"399c1f9781e222f6eb6cc238796f5200d1b7f108"},"dist":{"type":"zip","url":"https:\/\/api.github.com\/repos\/myclabs\/DeepCopy\/zipball\/399c1f9781e222f6eb6cc238796f5200d1b7f108","reference":"399c1f9781e222f6eb6cc238796f5200d1b7f108","shasum":""},"type":"library","time":"2016-10-31T17:19:45+00:00","autoload":{"psr-4":{"DeepCopy\\":"src\/DeepCopy\/"}},"require":{"php":">=5.4.0"},"require-dev":{"doctrine\/collections":"1.*","phpunit\/phpunit":"~4.1"},"uid":1060719},"1.6.0":{"name":"myclabs\/deep-copy","description":"Create deep copies (clones) of your objects","keywords":["object","clone","object graph","duplicate","copy"],"homepage":"https:\/\/github.com\/myclabs\/DeepCopy","version":"1.6.0","version_normalized":"1.6.0.0","license":["MIT"],"authors":[],"source":{"type":"git","url":"https:\/\/github.com\/myclabs\/DeepCopy.git","reference":"5a5a9fc8025a08d8919be87d6884d5a92520cefe"},"dist":{"type":"zip","url":"https:\/\/api.github.com\/repos\/myclabs\/DeepCopy\/zipball\/5a5a9fc8025a08d8919be87d6884d5a92520cefe","reference":"5a5a9fc8025a08d8919be87d6884d5a92520cefe","shasum":""},"type":"library","time":"2017-01-26T22:05:40+00:00","autoload":{"psr-4":{"DeepCopy\\":"src\/DeepCopy\/"}},"require":{"php":">=5.4.0"},"require-dev":{"doctrine\/collections":"1.*","phpunit\/phpunit":"~4.1"},"uid":1196502},"1.6.1":{"name":"myclabs\/deep-copy","description":"Create deep copies (clones) of your objects","keywords":["object","clone","object graph","duplicate","copy"],"homepage":"https:\/\/github.com\/myclabs\/DeepCopy","version":"1.6.1","version_normalized":"1.6.1.0","license":["MIT"],"authors":[],"source":{"type":"git","url":"https:\/\/github.com\/myclabs\/DeepCopy.git","reference":"8e6e04167378abf1ddb4d3522d8755c5fd90d102"},"dist":{"type":"zip","url":"https:\/\/api.github.com\/repos\/myclabs\/DeepCopy\/zipball\/8e6e04167378abf1ddb4d3522d8755c5fd90d102","reference":"8e6e04167378abf1ddb4d3522d8755c5fd90d102","shasum":""},"type":"library","time":"2017-04-12T18:52:22+00:00","autoload":{"psr-4":{"DeepCopy\\":"src\/DeepCopy\/"}},"require":{"php":">=5.4.0"},"require-dev":{"doctrine\/collections":"1.*","phpunit\/phpunit":"~4.1"},"uid":1340698},"1.x-dev":{"name":"myclabs\/deep-copy","description":"Create deep copies (clones) of your objects","keywords":["object","clone","object graph","duplicate","copy"],"homepage":"https:\/\/github.com\/myclabs\/DeepCopy","version":"1.x-dev","version_normalized":"1.9999999.9999999.9999999-dev","license":["MIT"],"authors":[],"source":{"type":"git","url":"https:\/\/github.com\/myclabs\/DeepCopy.git","reference":"8e6e04167378abf1ddb4d3522d8755c5fd90d102"},"dist":{"type":"zip","url":"https:\/\/api.github.com\/repos\/myclabs\/DeepCopy\/zipball\/8e6e04167378abf1ddb4d3522d8755c5fd90d102","reference":"8e6e04167378abf1ddb4d3522d8755c5fd90d102","shasum":""},"type":"library","time":"2017-04-12T18:52:22+00:00","autoload":{"psr-4":{"DeepCopy\\":"src\/DeepCopy\/"}},"require":{"php":">=5.4.0"},"require-dev":{"doctrine\/collections":"1.*","phpunit\/phpunit":"~4.1"},"uid":1441519},"2.x-dev":{"name":"myclabs\/deep-copy","description":"Create deep copies (clones) of your objects","keywords":["object","clone","object graph","duplicate","copy"],"homepage":"https:\/\/github.com\/myclabs\/DeepCopy","version":"2.x-dev","version_normalized":"2.9999999.9999999.9999999-dev","license":["MIT"],"authors":[],"source":{"type":"git","url":"https:\/\/github.com\/myclabs\/DeepCopy.git","reference":"8e6e04167378abf1ddb4d3522d8755c5fd90d102"},"dist":{"type":"zip","url":"https:\/\/api.github.com\/repos\/myclabs\/DeepCopy\/zipball\/8e6e04167378abf1ddb4d3522d8755c5fd90d102","reference":"8e6e04167378abf1ddb4d3522d8755c5fd90d102","shasum":""},"type":"library","time":"2017-04-12T18:52:22+00:00","autoload":{"psr-4":{"DeepCopy\\":"src\/DeepCopy\/"}},"require":{"php":">=5.4.0"},"require-dev":{"doctrine\/collections":"1.*","phpunit\/phpunit":"~4.1"},"uid":1441518},"dev-master":{"name":"myclabs\/deep-copy","description":"Create deep copies (clones) of your objects","keywords":["object","clone","object graph","duplicate","copy"],"homepage":"https:\/\/github.com\/myclabs\/DeepCopy","version":"dev-master","version_normalized":"9999999-dev","license":["MIT"],"authors":[],"source":{"type":"git","url":"https:\/\/github.com\/myclabs\/DeepCopy.git","reference":"8e6e04167378abf1ddb4d3522d8755c5fd90d102"},"dist":{"type":"zip","url":"https:\/\/api.github.com\/repos\/myclabs\/DeepCopy\/zipball\/8e6e04167378abf1ddb4d3522d8755c5fd90d102","reference":"8e6e04167378abf1ddb4d3522d8755c5fd90d102","shasum":""},"type":"library","time":"2017-04-12T18:52:22+00:00","autoload":{"psr-4":{"DeepCopy\\":"src\/DeepCopy\/"}},"require":{"php":">=5.4.0"},"require-dev":{"doctrine\/collections":"1.*","phpunit\/phpunit":"~4.1"},"uid":70977}}}}