{"packages":{"mindplay\/simple-cache":{"1.0.1":{"name":"mindplay\/simple-cache","description":"Replacement PSR-16 package, correctly type-hinted for PHP 5.3+","keywords":["cache","caching","psr","simple-cache","psr-16"],"homepage":"","version":"1.0.1","version_normalized":"1.0.1.0","license":["MIT"],"authors":[{"name":"PHP-FIG","homepage":"http:\/\/www.php-fig.org\/"}],"source":{"type":"git","url":"https:\/\/github.com\/mindplay-dk\/simplecache.git","reference":"9271ab400fbcee41a3f5669793b3bc6e74e62b29"},"dist":{"type":"zip","url":"https:\/\/api.github.com\/repos\/mindplay-dk\/simplecache\/zipball\/9271ab400fbcee41a3f5669793b3bc6e74e62b29","reference":"9271ab400fbcee41a3f5669793b3bc6e74e62b29","shasum":""},"type":"library","time":"2017-02-01T19:35:27+00:00","autoload":{"psr-4":{"Psr\\SimpleCache\\":"src\/"}},"extra":{"branch-alias":{"dev-master":"1.0.x-dev"}},"require":{"php":">=5.3.0"},"replace":{"psr\/simple-cache":"*"},"uid":1208334},"dev-master":{"name":"mindplay\/simple-cache","description":"Replacement PSR-16 package, correctly type-hinted for PHP 5.3+","keywords":["cache","caching","psr","simple-cache","psr-16"],"homepage":"","version":"dev-master","version_normalized":"9999999-dev","license":["MIT"],"authors":[{"name":"PHP-FIG","homepage":"http:\/\/www.php-fig.org\/"}],"source":{"type":"git","url":"https:\/\/github.com\/mindplay-dk\/simplecache.git","reference":"9271ab400fbcee41a3f5669793b3bc6e74e62b29"},"dist":{"type":"zip","url":"https:\/\/api.github.com\/repos\/mindplay-dk\/simplecache\/zipball\/9271ab400fbcee41a3f5669793b3bc6e74e62b29","reference":"9271ab400fbcee41a3f5669793b3bc6e74e62b29","shasum":""},"type":"library","time":"2017-02-01T19:35:27+00:00","autoload":{"psr-4":{"Psr\\SimpleCache\\":"src\/"}},"extra":{"branch-alias":{"dev-master":"1.0.x-dev"}},"require":{"php":">=5.3.0"},"replace":{"psr\/simple-cache":"*"},"uid":1208326}},"psr\/simple-cache":{"0.1.0":{"name":"psr\/simple-cache","description":"Common interfaces for simple caching","keywords":["cache","caching","psr","simple-cache","psr-16"],"homepage":"","version":"0.1.0","version_normalized":"0.1.0.0","license":["MIT"],"authors":[{"name":"PHP-FIG","homepage":"http:\/\/www.php-fig.org\/"}],"source":{"type":"git","url":"https:\/\/github.com\/php-fig\/simple-cache.git","reference":"6b67c817eb0e6a933e12dc29ef90ccbb53d8dc79"},"dist":{"type":"zip","url":"https:\/\/api.github.com\/repos\/php-fig\/simple-cache\/zipball\/6b67c817eb0e6a933e12dc29ef90ccbb53d8dc79","reference":"6b67c817eb0e6a933e12dc29ef90ccbb53d8dc79","shasum":""},"type":"library","time":"2016-09-01T17:36:54+00:00","autoload":{"psr-4":{"Psr\\SimpleCache\\":"src\/"}},"extra":{"branch-alias":{"dev-master":"1.0.x-dev"}},"require":{"php":">=5.3.0"},"uid":1067330},"0.2.0":{"name":"psr\/simple-cache","description":"Common interfaces for simple caching","keywords":["cache","caching","psr","simple-cache","psr-16"],"homepage":"","version":"0.2.0","version_normalized":"0.2.0.0","license":["MIT"],"authors":[{"name":"PHP-FIG","homepage":"http:\/\/www.php-fig.org\/"}],"source":{"type":"git","url":"https:\/\/github.com\/php-fig\/simple-cache.git","reference":"13f43ba7f6d5ce37c6c115c26a5f653c2d9c1e18"},"dist":{"type":"zip","url":"https:\/\/api.github.com\/repos\/php-fig\/simple-cache\/zipball\/13f43ba7f6d5ce37c6c115c26a5f653c2d9c1e18","reference":"13f43ba7f6d5ce37c6c115c26a5f653c2d9c1e18","shasum":""},"type":"library","time":"2016-11-14T21:07:45+00:00","autoload":{"psr-4":{"Psr\\SimpleCache\\":"src\/"}},"extra":{"branch-alias":{"dev-master":"1.0.x-dev"}},"require":{"php":">=5.3.0"},"uid":1083581},"0.3.0":{"name":"psr\/simple-cache","description":"Common interfaces for simple caching","keywords":["cache","caching","psr","simple-cache","psr-16"],"homepage":"","version":"0.3.0","version_normalized":"0.3.0.0","license":["MIT"],"authors":[{"name":"PHP-FIG","homepage":"http:\/\/www.php-fig.org\/"}],"source":{"type":"git","url":"https:\/\/github.com\/php-fig\/simple-cache.git","reference":"7dcf8811a19f589909a041bbca3cefe57f6b37f5"},"dist":{"type":"zip","url":"https:\/\/api.github.com\/repos\/php-fig\/simple-cache\/zipball\/7dcf8811a19f589909a041bbca3cefe57f6b37f5","reference":"7dcf8811a19f589909a041bbca3cefe57f6b37f5","shasum":""},"type":"library","time":"2016-12-09T08:51:20+00:00","autoload":{"psr-4":{"Psr\\SimpleCache\\":"src\/"}},"extra":{"branch-alias":{"dev-master":"1.0.x-dev"}},"require":{"php":">=5.3.0"},"uid":1119246},"1.0.0":{"name":"psr\/simple-cache","description":"Common interfaces for simple caching","keywords":["cache","caching","psr","simple-cache","psr-16"],"homepage":"","version":"1.0.0","version_normalized":"1.0.0.0","license":["MIT"],"authors":[{"name":"PHP-FIG","homepage":"http:\/\/www.php-fig.org\/"}],"source":{"type":"git","url":"https:\/\/github.com\/php-fig\/simple-cache.git","reference":"753fa598e8f3b9966c886fe13f370baa45ef0e24"},"dist":{"type":"zip","url":"https:\/\/api.github.com\/repos\/php-fig\/simple-cache\/zipball\/753fa598e8f3b9966c886fe13f370baa45ef0e24","reference":"753fa598e8f3b9966c886fe13f370baa45ef0e24","shasum":""},"type":"library","time":"2017-01-02T13:31:39+00:00","autoload":{"psr-4":{"Psr\\SimpleCache\\":"src\/"}},"extra":{"branch-alias":{"dev-master":"1.0.x-dev"}},"require":{"php":">=5.3.0"},"uid":1150910},"dev-master":{"name":"psr\/simple-cache","description":"Common interfaces for simple caching","keywords":["cache","caching","psr","simple-cache","psr-16"],"homepage":"","version":"dev-master","version_normalized":"9999999-dev","license":["MIT"],"authors":[{"name":"PHP-FIG","homepage":"http:\/\/www.php-fig.org\/"}],"source":{"type":"git","url":"https:\/\/github.com\/php-fig\/simple-cache.git","reference":"753fa598e8f3b9966c886fe13f370baa45ef0e24"},"dist":{"type":"zip","url":"https:\/\/api.github.com\/repos\/php-fig\/simple-cache\/zipball\/753fa598e8f3b9966c886fe13f370baa45ef0e24","reference":"753fa598e8f3b9966c886fe13f370baa45ef0e24","shasum":""},"type":"library","time":"2017-01-02T13:31:39+00:00","autoload":{"psr-4":{"Psr\\SimpleCache\\":"src\/"}},"extra":{"branch-alias":{"dev-master":"1.0.x-dev"}},"require":{"php":">=5.3.0"},"uid":1067331}},"substpk\/simple-cache":{"1.1.0":{"name":"substpk\/simple-cache","description":"Common interfaces for simple caching","keywords":["cache","caching","psr","simple-cache","psr-16"],"homepage":"","version":"1.1.0","version_normalized":"1.1.0.0","license":["MIT"],"authors":[{"name":"PHP-FIG","homepage":"http:\/\/www.php-fig.org\/"}],"source":{"type":"git","url":"https:\/\/github.com\/substpk\/simple-cache.git","reference":"b80d6b1261a527fc29fbbade7823941b11c713b1"},"dist":{"type":"zip","url":"https:\/\/api.github.com\/repos\/substpk\/simple-cache\/zipball\/b80d6b1261a527fc29fbbade7823941b11c713b1","reference":"b80d6b1261a527fc29fbbade7823941b11c713b1","shasum":""},"type":"library","time":"2017-02-04T09:56:16+00:00","autoload":{"psr-4":{"Psr\\SimpleCache\\":"src\/"}},"extra":{"branch-alias":{"dev-master":"1.0.x-dev"}},"require":{"php":">=5.3.0"},"replace":{"psr\/simple-cache":"*"},"uid":1213125},"dev-master":{"name":"substpk\/simple-cache","description":"Common interfaces for simple caching","keywords":["cache","caching","psr","simple-cache","psr-16"],"homepage":"","version":"dev-master","version_normalized":"9999999-dev","license":["MIT"],"authors":[{"name":"PHP-FIG","homepage":"http:\/\/www.php-fig.org\/"}],"source":{"type":"git","url":"https:\/\/github.com\/substpk\/simple-cache.git","reference":"b80d6b1261a527fc29fbbade7823941b11c713b1"},"dist":{"type":"zip","url":"https:\/\/api.github.com\/repos\/substpk\/simple-cache\/zipball\/b80d6b1261a527fc29fbbade7823941b11c713b1","reference":"b80d6b1261a527fc29fbbade7823941b11c713b1","shasum":""},"type":"library","time":"2017-02-04T09:56:16+00:00","autoload":{"psr-4":{"Psr\\SimpleCache\\":"src\/"}},"extra":{"branch-alias":{"dev-master":"1.0.x-dev"}},"require":{"php":">=5.3.0"},"replace":{"psr\/simple-cache":"*"},"uid":1213126}}}}