{"packages":{"sebastian\/object-enumerator":{"1.0.0":{"name":"sebastian\/object-enumerator","description":"Traverses array structures and object graphs to enumerate all referenced objects","keywords":[],"homepage":"https:\/\/github.com\/sebastianbergmann\/object-enumerator\/","version":"1.0.0","version_normalized":"1.0.0.0","license":["BSD-3-Clause"],"authors":[{"name":"Sebastian Bergmann","email":"sebastian@phpunit.de"}],"source":{"type":"git","url":"https:\/\/github.com\/sebastianbergmann\/object-enumerator.git","reference":"d4ca2fb70344987502567bc50081c03e6192fb26"},"dist":{"type":"zip","url":"https:\/\/api.github.com\/repos\/sebastianbergmann\/object-enumerator\/zipball\/d4ca2fb70344987502567bc50081c03e6192fb26","reference":"d4ca2fb70344987502567bc50081c03e6192fb26","shasum":""},"type":"library","time":"2016-01-28T13:25:10+00:00","autoload":{"classmap":["src\/"]},"extra":{"branch-alias":{"dev-master":"1.0.x-dev"}},"require":{"php":">=5.6","sebastian\/recursion-context":"~1.0"},"require-dev":{"phpunit\/phpunit":"~5"},"uid":685283},"1.0.x-dev":{"name":"sebastian\/object-enumerator","description":"Traverses array structures and object graphs to enumerate all referenced objects","keywords":[],"homepage":"https:\/\/github.com\/sebastianbergmann\/object-enumerator\/","version":"1.0.x-dev","version_normalized":"1.0.9999999.9999999-dev","license":["BSD-3-Clause"],"authors":[{"name":"Sebastian Bergmann","email":"sebastian@phpunit.de"}],"source":{"type":"git","url":"https:\/\/github.com\/sebastianbergmann\/object-enumerator.git","reference":"1a7e888dce73bd3c1deedb345fce00329c75b065"},"dist":{"type":"zip","url":"https:\/\/api.github.com\/repos\/sebastianbergmann\/object-enumerator\/zipball\/1a7e888dce73bd3c1deedb345fce00329c75b065","reference":"1a7e888dce73bd3c1deedb345fce00329c75b065","shasum":""},"type":"library","time":"2016-10-03T07:42:27+00:00","autoload":{"classmap":["src\/"]},"extra":{"branch-alias":{"dev-master":"1.0.x-dev"}},"require":{"php":">=5.6","sebastian\/recursion-context":"~1.0"},"require-dev":{"phpunit\/phpunit":"~5"},"uid":1088307},"2.0.0":{"name":"sebastian\/object-enumerator","description":"Traverses array structures and object graphs to enumerate all referenced objects","keywords":[],"homepage":"https:\/\/github.com\/sebastianbergmann\/object-enumerator\/","version":"2.0.0","version_normalized":"2.0.0.0","license":["BSD-3-Clause"],"authors":[{"name":"Sebastian Bergmann","email":"sebastian@phpunit.de"}],"source":{"type":"git","url":"https:\/\/github.com\/sebastianbergmann\/object-enumerator.git","reference":"96f8a3f257b69e8128ad74d3a7fd464bcbaa3b35"},"dist":{"type":"zip","url":"https:\/\/api.github.com\/repos\/sebastianbergmann\/object-enumerator\/zipball\/96f8a3f257b69e8128ad74d3a7fd464bcbaa3b35","reference":"96f8a3f257b69e8128ad74d3a7fd464bcbaa3b35","shasum":""},"type":"library","time":"2016-11-19T07:35:10+00:00","autoload":{"classmap":["src\/"]},"extra":{"branch-alias":{"dev-master":"2.0.x-dev"}},"require":{"php":">=5.6","sebastian\/recursion-context":"~2.0"},"require-dev":{"phpunit\/phpunit":"~5"},"uid":1088310},"2.0.1":{"name":"sebastian\/object-enumerator","description":"Traverses array structures and object graphs to enumerate all referenced objects","keywords":[],"homepage":"https:\/\/github.com\/sebastianbergmann\/object-enumerator\/","version":"2.0.1","version_normalized":"2.0.1.0","license":["BSD-3-Clause"],"authors":[{"name":"Sebastian Bergmann","email":"sebastian@phpunit.de"}],"source":{"type":"git","url":"https:\/\/github.com\/sebastianbergmann\/object-enumerator.git","reference":"1311872ac850040a79c3c058bea3e22d0f09cbb7"},"dist":{"type":"zip","url":"https:\/\/api.github.com\/repos\/sebastianbergmann\/object-enumerator\/zipball\/1311872ac850040a79c3c058bea3e22d0f09cbb7","reference":"1311872ac850040a79c3c058bea3e22d0f09cbb7","shasum":""},"type":"library","time":"2017-02-18T15:18:39+00:00","autoload":{"classmap":["src\/"]},"extra":{"branch-alias":{"dev-master":"2.0.x-dev"}},"require":{"php":">=5.6","sebastian\/recursion-context":"~2.0"},"require-dev":{"phpunit\/phpunit":"~5"},"uid":1239609},"2.0.x-dev":{"name":"sebastian\/object-enumerator","description":"Traverses array structures and object graphs to enumerate all referenced objects","keywords":[],"homepage":"https:\/\/github.com\/sebastianbergmann\/object-enumerator\/","version":"2.0.x-dev","version_normalized":"2.0.9999999.9999999-dev","license":["BSD-3-Clause"],"authors":[{"name":"Sebastian Bergmann","email":"sebastian@phpunit.de"}],"source":{"type":"git","url":"https:\/\/github.com\/sebastianbergmann\/object-enumerator.git","reference":"c956fe7a68318639f694fc6bba0c89b7cdf1b08c"},"dist":{"type":"zip","url":"https:\/\/api.github.com\/repos\/sebastianbergmann\/object-enumerator\/zipball\/c956fe7a68318639f694fc6bba0c89b7cdf1b08c","reference":"c956fe7a68318639f694fc6bba0c89b7cdf1b08c","shasum":""},"type":"library","time":"2017-03-07T10:37:45+00:00","autoload":{"classmap":["src\/"]},"extra":{"branch-alias":{"dev-master":"2.0.x-dev"}},"require":{"php":"^5.6 || ^7.0","sebastian\/recursion-context":"^2.0"},"require-dev":{"phpunit\/phpunit":"^5.7"},"uid":1249706},"3.0.0":{"name":"sebastian\/object-enumerator","description":"Traverses array structures and object graphs to enumerate all referenced objects","keywords":[],"homepage":"https:\/\/github.com\/sebastianbergmann\/object-enumerator\/","version":"3.0.0","version_normalized":"3.0.0.0","license":["BSD-3-Clause"],"authors":[{"name":"Sebastian Bergmann","email":"sebastian@phpunit.de"}],"source":{"type":"git","url":"https:\/\/github.com\/sebastianbergmann\/object-enumerator.git","reference":"de6e32f7192dfea2e4bedc892434f4830b5c5794"},"dist":{"type":"zip","url":"https:\/\/api.github.com\/repos\/sebastianbergmann\/object-enumerator\/zipball\/de6e32f7192dfea2e4bedc892434f4830b5c5794","reference":"de6e32f7192dfea2e4bedc892434f4830b5c5794","shasum":""},"type":"library","time":"2017-03-03T06:21:01+00:00","autoload":{"classmap":["src\/"]},"extra":{"branch-alias":{"dev-master":"3.0.x-dev"}},"require":{"php":"^7.0","sebastian\/recursion-context":"^3.0"},"require-dev":{"phpunit\/phpunit":"^6.0"},"uid":1262408},"3.0.1":{"name":"sebastian\/object-enumerator","description":"Traverses array structures and object graphs to enumerate all referenced objects","keywords":[],"homepage":"https:\/\/github.com\/sebastianbergmann\/object-enumerator\/","version":"3.0.1","version_normalized":"3.0.1.0","license":["BSD-3-Clause"],"authors":[{"name":"Sebastian Bergmann","email":"sebastian@phpunit.de"}],"source":{"type":"git","url":"https:\/\/github.com\/sebastianbergmann\/object-enumerator.git","reference":"601be3b8ddc75cc8c4e44e8f368c718c8f2d2f38"},"dist":{"type":"zip","url":"https:\/\/api.github.com\/repos\/sebastianbergmann\/object-enumerator\/zipball\/601be3b8ddc75cc8c4e44e8f368c718c8f2d2f38","reference":"601be3b8ddc75cc8c4e44e8f368c718c8f2d2f38","shasum":""},"type":"library","time":"2017-03-12T07:44:50+00:00","autoload":{"classmap":["src\/"]},"extra":{"branch-alias":{"dev-master":"3.0.x-dev"}},"require":{"php":"^7.0","sebastian\/recursion-context":"^3.0"},"require-dev":{"phpunit\/phpunit":"^6.0"},"uid":1277534},"3.0.2":{"name":"sebastian\/object-enumerator","description":"Traverses array structures and object graphs to enumerate all referenced objects","keywords":[],"homepage":"https:\/\/github.com\/sebastianbergmann\/object-enumerator\/","version":"3.0.2","version_normalized":"3.0.2.0","license":["BSD-3-Clause"],"authors":[{"name":"Sebastian Bergmann","email":"sebastian@phpunit.de"}],"source":{"type":"git","url":"https:\/\/github.com\/sebastianbergmann\/object-enumerator.git","reference":"31dd3379d16446c5d86dec32ab1ad1f378581ad8"},"dist":{"type":"zip","url":"https:\/\/api.github.com\/repos\/sebastianbergmann\/object-enumerator\/zipball\/31dd3379d16446c5d86dec32ab1ad1f378581ad8","reference":"31dd3379d16446c5d86dec32ab1ad1f378581ad8","shasum":""},"type":"library","time":"2017-03-12T15:17:29+00:00","autoload":{"classmap":["src\/"]},"extra":{"branch-alias":{"dev-master":"3.0.x-dev"}},"require":{"php":"^7.0","sebastian\/object-reflector":"^1.0","sebastian\/recursion-context":"^3.0"},"require-dev":{"phpunit\/phpunit":"^6.0"},"uid":1278009},"3.0.3":{"name":"sebastian\/object-enumerator","description":"Traverses array structures and object graphs to enumerate all referenced objects","keywords":[],"homepage":"https:\/\/github.com\/sebastianbergmann\/object-enumerator\/","version":"3.0.3","version_normalized":"3.0.3.0","license":["BSD-3-Clause"],"authors":[{"name":"Sebastian Bergmann","email":"sebastian@phpunit.de"}],"source":{"type":"git","url":"https:\/\/github.com\/sebastianbergmann\/object-enumerator.git","reference":"7cfd9e65d11ffb5af41198476395774d4c8a84c5"},"dist":{"type":"zip","url":"https:\/\/api.github.com\/repos\/sebastianbergmann\/object-enumerator\/zipball\/7cfd9e65d11ffb5af41198476395774d4c8a84c5","reference":"7cfd9e65d11ffb5af41198476395774d4c8a84c5","shasum":""},"type":"library","time":"2017-08-03T12:35:26+00:00","autoload":{"classmap":["src\/"]},"extra":{"branch-alias":{"dev-master":"3.0.x-dev"}},"require":{"php":"^7.0","sebastian\/object-reflector":"^1.1.1","sebastian\/recursion-context":"^3.0"},"require-dev":{"phpunit\/phpunit":"^6.0"},"uid":1535255},"dev-master":{"name":"sebastian\/object-enumerator","description":"Traverses array structures and object graphs to enumerate all referenced objects","keywords":[],"homepage":"https:\/\/github.com\/sebastianbergmann\/object-enumerator\/","version":"dev-master","version_normalized":"9999999-dev","license":["BSD-3-Clause"],"authors":[{"name":"Sebastian Bergmann","email":"sebastian@phpunit.de"}],"source":{"type":"git","url":"https:\/\/github.com\/sebastianbergmann\/object-enumerator.git","reference":"7cfd9e65d11ffb5af41198476395774d4c8a84c5"},"dist":{"type":"zip","url":"https:\/\/api.github.com\/repos\/sebastianbergmann\/object-enumerator\/zipball\/7cfd9e65d11ffb5af41198476395774d4c8a84c5","reference":"7cfd9e65d11ffb5af41198476395774d4c8a84c5","shasum":""},"type":"library","time":"2017-08-03T12:35:26+00:00","autoload":{"classmap":["src\/"]},"extra":{"branch-alias":{"dev-master":"3.0.x-dev"}},"require":{"php":"^7.0","sebastian\/recursion-context":"^3.0","sebastian\/object-reflector":"^1.1.1"},"require-dev":{"phpunit\/phpunit":"^6.0"},"uid":674801}}}}