{"packages":{"symfony\/polyfill":{"dev-master":{"name":"symfony\/polyfill","description":"Symfony polyfills backporting features to lower PHP versions","keywords":["compatibility","compat","polyfill","shim"],"homepage":"https:\/\/symfony.com","version":"dev-master","version_normalized":"9999999-dev","license":["MIT"],"authors":[{"name":"Nicolas Grekas","email":"p@tchwork.com"},{"name":"Symfony Community","homepage":"https:\/\/symfony.com\/contributors"}],"source":{"type":"git","url":"https:\/\/github.com\/symfony\/polyfill.git","reference":"76301af3721357092e000a6df345fda67a6f4a85"},"dist":{"type":"zip","url":"https:\/\/api.github.com\/repos\/symfony\/polyfill\/zipball\/76301af3721357092e000a6df345fda67a6f4a85","reference":"76301af3721357092e000a6df345fda67a6f4a85","shasum":""},"type":"library","time":"2017-08-16T07:36:24+00:00","autoload":{"psr-4":{"Symfony\\Polyfill\\":"src\/"},"files":["src\/Apcu\/bootstrap.php","src\/Php54\/bootstrap.php","src\/Php55\/bootstrap.php","src\/Php56\/bootstrap.php","src\/Php70\/bootstrap.php","src\/Php71\/bootstrap.php","src\/Php72\/bootstrap.php","src\/Iconv\/bootstrap.php","src\/Intl\/Grapheme\/bootstrap.php","src\/Intl\/Icu\/bootstrap.php","src\/Intl\/Normalizer\/bootstrap.php","src\/Mbstring\/bootstrap.php"],"classmap":["src\/Intl\/Normalizer\/Resources\/stubs","src\/Php70\/Resources\/stubs","src\/Php54\/Resources\/stubs"]},"extra":{"branch-alias":{"dev-master":"1.5-dev"}},"require":{"php":">=5.3.3","ircmaxell\/password-compat":"~1.0","paragonie\/random_compat":"~1.0|~2.0","symfony\/intl":"~2.3|~3.0|~4.0"},"require-dev":{"symfony\/phpunit-bridge":"~3.2"},"replace":{"symfony\/polyfill-php54":"self.version","symfony\/polyfill-php55":"self.version","symfony\/polyfill-php56":"self.version","symfony\/polyfill-php70":"self.version","symfony\/polyfill-iconv":"self.version","symfony\/polyfill-intl-grapheme":"self.version","symfony\/polyfill-intl-icu":"self.version","symfony\/polyfill-intl-normalizer":"self.version","symfony\/polyfill-mbstring":"self.version","symfony\/polyfill-util":"self.version","symfony\/polyfill-xml":"self.version","symfony\/polyfill-apcu":"self.version","symfony\/polyfill-php71":"self.version","symfony\/polyfill-php72":"self.version"},"uid":573980},"v1.0.0":{"name":"symfony\/polyfill","description":"Symfony polyfills backporting features to lower PHP versions","keywords":["compatibility","compat","polyfill","shim"],"homepage":"https:\/\/symfony.com","version":"v1.0.0","version_normalized":"1.0.0.0","license":["MIT"],"authors":[{"name":"Nicolas Grekas","email":"p@tchwork.com"},{"name":"Symfony Community","homepage":"https:\/\/symfony.com\/contributors"}],"source":{"type":"git","url":"https:\/\/github.com\/symfony\/polyfill.git","reference":"fef21adc706d3bb8f31d37c503ded2160c76c64a"},"dist":{"type":"zip","url":"https:\/\/api.github.com\/repos\/symfony\/polyfill\/zipball\/fef21adc706d3bb8f31d37c503ded2160c76c64a","reference":"fef21adc706d3bb8f31d37c503ded2160c76c64a","shasum":""},"type":"library","time":"2015-11-04T20:29:00+00:00","autoload":{"psr-4":{"Symfony\\Polyfill\\":"src\/"},"files":["src\/Php54\/bootstrap.php","src\/Php55\/bootstrap.php","src\/Php56\/bootstrap.php","src\/Php70\/bootstrap.php","src\/Iconv\/bootstrap.php","src\/Intl\/Grapheme\/bootstrap.php","src\/Intl\/Icu\/bootstrap.php","src\/Intl\/Normalizer\/bootstrap.php","src\/Mbstring\/bootstrap.php","src\/Xml\/bootstrap.php"],"classmap":["src\/Intl\/Normalizer\/Resources\/stubs","src\/Php70\/Resources\/stubs","src\/Php54\/Resources\/stubs"]},"extra":{"branch-alias":{"dev-master":"1.0-dev"}},"require":{"php":">=5.3.3","ircmaxell\/password-compat":"~1.0","paragonie\/random_compat":"~1.0","symfony\/intl":"~2.3|~3.0"},"replace":{"symfony\/polyfill-php54":"self.version","symfony\/polyfill-php55":"self.version","symfony\/polyfill-php56":"self.version","symfony\/polyfill-php70":"self.version","symfony\/polyfill-iconv":"self.version","symfony\/polyfill-intl-grapheme":"self.version","symfony\/polyfill-intl-icu":"self.version","symfony\/polyfill-intl-normalizer":"self.version","symfony\/polyfill-mbstring":"self.version","symfony\/polyfill-util":"self.version","symfony\/polyfill-xml":"self.version"},"uid":573979},"v1.0.1":{"name":"symfony\/polyfill","description":"Symfony polyfills backporting features to lower PHP versions","keywords":["compatibility","compat","polyfill","shim"],"homepage":"https:\/\/symfony.com","version":"v1.0.1","version_normalized":"1.0.1.0","license":["MIT"],"authors":[{"name":"Nicolas Grekas","email":"p@tchwork.com"},{"name":"Symfony Community","homepage":"https:\/\/symfony.com\/contributors"}],"source":{"type":"git","url":"https:\/\/github.com\/symfony\/polyfill.git","reference":"dd9db1dc4013821a63f7afbd8340dd57939fe674"},"dist":{"type":"zip","url":"https:\/\/api.github.com\/repos\/symfony\/polyfill\/zipball\/dd9db1dc4013821a63f7afbd8340dd57939fe674","reference":"dd9db1dc4013821a63f7afbd8340dd57939fe674","shasum":""},"type":"library","time":"2015-12-18T15:10:25+00:00","autoload":{"psr-4":{"Symfony\\Polyfill\\":"src\/"},"files":["src\/Php54\/bootstrap.php","src\/Php55\/bootstrap.php","src\/Php56\/bootstrap.php","src\/Php70\/bootstrap.php","src\/Iconv\/bootstrap.php","src\/Intl\/Grapheme\/bootstrap.php","src\/Intl\/Icu\/bootstrap.php","src\/Intl\/Normalizer\/bootstrap.php","src\/Mbstring\/bootstrap.php","src\/Xml\/bootstrap.php"],"classmap":["src\/Intl\/Normalizer\/Resources\/stubs","src\/Php70\/Resources\/stubs","src\/Php54\/Resources\/stubs"]},"extra":{"branch-alias":{"dev-master":"1.0-dev"}},"require":{"php":">=5.3.3","ircmaxell\/password-compat":"~1.0","paragonie\/random_compat":"~1.0","symfony\/intl":"~2.3|~3.0"},"replace":{"symfony\/polyfill-php54":"self.version","symfony\/polyfill-php55":"self.version","symfony\/polyfill-php56":"self.version","symfony\/polyfill-php70":"self.version","symfony\/polyfill-iconv":"self.version","symfony\/polyfill-intl-grapheme":"self.version","symfony\/polyfill-intl-icu":"self.version","symfony\/polyfill-intl-normalizer":"self.version","symfony\/polyfill-mbstring":"self.version","symfony\/polyfill-util":"self.version","symfony\/polyfill-xml":"self.version"},"uid":635243},"v1.1.0":{"name":"symfony\/polyfill","description":"Symfony polyfills backporting features to lower PHP versions","keywords":["compatibility","compat","polyfill","shim"],"homepage":"https:\/\/symfony.com","version":"v1.1.0","version_normalized":"1.1.0.0","license":["MIT"],"authors":[{"name":"Nicolas Grekas","email":"p@tchwork.com"},{"name":"Symfony Community","homepage":"https:\/\/symfony.com\/contributors"}],"source":{"type":"git","url":"https:\/\/github.com\/symfony\/polyfill.git","reference":"ceffa85c57f023a816f5c511ad35081e7c67d7cd"},"dist":{"type":"zip","url":"https:\/\/api.github.com\/repos\/symfony\/polyfill\/zipball\/ceffa85c57f023a816f5c511ad35081e7c67d7cd","reference":"ceffa85c57f023a816f5c511ad35081e7c67d7cd","shasum":""},"type":"library","time":"2016-01-25T08:44:42+00:00","autoload":{"psr-4":{"Symfony\\Polyfill\\":"src\/"},"files":["src\/Apcu\/bootstrap.php","src\/Php54\/bootstrap.php","src\/Php55\/bootstrap.php","src\/Php56\/bootstrap.php","src\/Php70\/bootstrap.php","src\/Iconv\/bootstrap.php","src\/Intl\/Grapheme\/bootstrap.php","src\/Intl\/Icu\/bootstrap.php","src\/Intl\/Normalizer\/bootstrap.php","src\/Mbstring\/bootstrap.php","src\/Xml\/bootstrap.php"],"classmap":["src\/Apcu\/Resources\/stubs","src\/Intl\/Normalizer\/Resources\/stubs","src\/Php70\/Resources\/stubs","src\/Php54\/Resources\/stubs"]},"extra":{"branch-alias":{"dev-master":"1.1-dev"}},"require":{"php":">=5.3.3","ircmaxell\/password-compat":"~1.0","paragonie\/random_compat":"~1.0","symfony\/intl":"~2.3|~3.0"},"replace":{"symfony\/polyfill-apcu":"self.version","symfony\/polyfill-php54":"self.version","symfony\/polyfill-php55":"self.version","symfony\/polyfill-php56":"self.version","symfony\/polyfill-php70":"self.version","symfony\/polyfill-iconv":"self.version","symfony\/polyfill-intl-grapheme":"self.version","symfony\/polyfill-intl-icu":"self.version","symfony\/polyfill-intl-normalizer":"self.version","symfony\/polyfill-mbstring":"self.version","symfony\/polyfill-util":"self.version","symfony\/polyfill-xml":"self.version"},"uid":670768},"v1.1.1":{"name":"symfony\/polyfill","description":"Symfony polyfills backporting features to lower PHP versions","keywords":["compatibility","compat","polyfill","shim"],"homepage":"https:\/\/symfony.com","version":"v1.1.1","version_normalized":"1.1.1.0","license":["MIT"],"authors":[{"name":"Nicolas Grekas","email":"p@tchwork.com"},{"name":"Symfony Community","homepage":"https:\/\/symfony.com\/contributors"}],"source":{"type":"git","url":"https:\/\/github.com\/symfony\/polyfill.git","reference":"3dc21aeff3e1f8cb708421ed02cf1a8901d7b535"},"dist":{"type":"zip","url":"https:\/\/api.github.com\/repos\/symfony\/polyfill\/zipball\/3dc21aeff3e1f8cb708421ed02cf1a8901d7b535","reference":"3dc21aeff3e1f8cb708421ed02cf1a8901d7b535","shasum":""},"type":"library","time":"2016-03-03T16:58:13+00:00","autoload":{"psr-4":{"Symfony\\Polyfill\\":"src\/"},"files":["src\/Apcu\/bootstrap.php","src\/Php54\/bootstrap.php","src\/Php55\/bootstrap.php","src\/Php56\/bootstrap.php","src\/Php70\/bootstrap.php","src\/Iconv\/bootstrap.php","src\/Intl\/Grapheme\/bootstrap.php","src\/Intl\/Icu\/bootstrap.php","src\/Intl\/Normalizer\/bootstrap.php","src\/Mbstring\/bootstrap.php","src\/Xml\/bootstrap.php"],"classmap":["src\/Intl\/Normalizer\/Resources\/stubs","src\/Php70\/Resources\/stubs","src\/Php54\/Resources\/stubs"]},"extra":{"branch-alias":{"dev-master":"1.1-dev"}},"require":{"php":">=5.3.3","ircmaxell\/password-compat":"~1.0","paragonie\/random_compat":"~1.0","symfony\/intl":"~2.3|~3.0"},"replace":{"symfony\/polyfill-apcu":"self.version","symfony\/polyfill-php54":"self.version","symfony\/polyfill-php55":"self.version","symfony\/polyfill-php56":"self.version","symfony\/polyfill-php70":"self.version","symfony\/polyfill-iconv":"self.version","symfony\/polyfill-intl-grapheme":"self.version","symfony\/polyfill-intl-icu":"self.version","symfony\/polyfill-intl-normalizer":"self.version","symfony\/polyfill-mbstring":"self.version","symfony\/polyfill-util":"self.version","symfony\/polyfill-xml":"self.version"},"uid":730456},"v1.2.0":{"name":"symfony\/polyfill","description":"Symfony polyfills backporting features to lower PHP versions","keywords":["compatibility","compat","polyfill","shim"],"homepage":"https:\/\/symfony.com","version":"v1.2.0","version_normalized":"1.2.0.0","license":["MIT"],"authors":[{"name":"Nicolas Grekas","email":"p@tchwork.com"},{"name":"Symfony Community","homepage":"https:\/\/symfony.com\/contributors"}],"source":{"type":"git","url":"https:\/\/github.com\/symfony\/polyfill.git","reference":"ee2c9c2576fdd4a42b024260a1906a9888770c34"},"dist":{"type":"zip","url":"https:\/\/api.github.com\/repos\/symfony\/polyfill\/zipball\/ee2c9c2576fdd4a42b024260a1906a9888770c34","reference":"ee2c9c2576fdd4a42b024260a1906a9888770c34","shasum":""},"type":"library","time":"2016-05-18T14:27:53+00:00","autoload":{"psr-4":{"Symfony\\Polyfill\\":"src\/"},"files":["src\/Apcu\/bootstrap.php","src\/Php54\/bootstrap.php","src\/Php55\/bootstrap.php","src\/Php56\/bootstrap.php","src\/Php70\/bootstrap.php","src\/Iconv\/bootstrap.php","src\/Intl\/Grapheme\/bootstrap.php","src\/Intl\/Icu\/bootstrap.php","src\/Intl\/Normalizer\/bootstrap.php","src\/Mbstring\/bootstrap.php","src\/Xml\/bootstrap.php"],"classmap":["src\/Intl\/Normalizer\/Resources\/stubs","src\/Php70\/Resources\/stubs","src\/Php54\/Resources\/stubs"]},"extra":{"branch-alias":{"dev-master":"1.2-dev"}},"require":{"php":">=5.3.3","ircmaxell\/password-compat":"~1.0","paragonie\/random_compat":"~1.0|~2.0","symfony\/intl":"~2.3|~3.0"},"replace":{"symfony\/polyfill-apcu":"self.version","symfony\/polyfill-php54":"self.version","symfony\/polyfill-php55":"self.version","symfony\/polyfill-php56":"self.version","symfony\/polyfill-php70":"self.version","symfony\/polyfill-iconv":"self.version","symfony\/polyfill-intl-grapheme":"self.version","symfony\/polyfill-intl-icu":"self.version","symfony\/polyfill-intl-normalizer":"self.version","symfony\/polyfill-mbstring":"self.version","symfony\/polyfill-util":"self.version","symfony\/polyfill-xml":"self.version"},"uid":826272},"v1.3.0":{"name":"symfony\/polyfill","description":"Symfony polyfills backporting features to lower PHP versions","keywords":["compatibility","compat","polyfill","shim"],"homepage":"https:\/\/symfony.com","version":"v1.3.0","version_normalized":"1.3.0.0","license":["MIT"],"authors":[{"name":"Nicolas Grekas","email":"p@tchwork.com"},{"name":"Symfony Community","homepage":"https:\/\/symfony.com\/contributors"}],"source":{"type":"git","url":"https:\/\/github.com\/symfony\/polyfill.git","reference":"385d033a8e1d8778446d699ecbd886480716eba7"},"dist":{"type":"zip","url":"https:\/\/api.github.com\/repos\/symfony\/polyfill\/zipball\/385d033a8e1d8778446d699ecbd886480716eba7","reference":"385d033a8e1d8778446d699ecbd886480716eba7","shasum":""},"type":"library","time":"2016-11-14T01:15:23+00:00","autoload":{"psr-4":{"Symfony\\Polyfill\\":"src\/"},"files":["src\/Apcu\/bootstrap.php","src\/Php54\/bootstrap.php","src\/Php55\/bootstrap.php","src\/Php56\/bootstrap.php","src\/Php70\/bootstrap.php","src\/Php71\/bootstrap.php","src\/Iconv\/bootstrap.php","src\/Intl\/Grapheme\/bootstrap.php","src\/Intl\/Icu\/bootstrap.php","src\/Intl\/Normalizer\/bootstrap.php","src\/Mbstring\/bootstrap.php","src\/Xml\/bootstrap.php"],"classmap":["src\/Intl\/Normalizer\/Resources\/stubs","src\/Php70\/Resources\/stubs","src\/Php54\/Resources\/stubs"]},"extra":{"branch-alias":{"dev-master":"1.3-dev"}},"require":{"php":">=5.3.3","ircmaxell\/password-compat":"~1.0","paragonie\/random_compat":"~1.0|~2.0","symfony\/intl":"~2.3|~3.0"},"replace":{"symfony\/polyfill-apcu":"self.version","symfony\/polyfill-php54":"self.version","symfony\/polyfill-php55":"self.version","symfony\/polyfill-php56":"self.version","symfony\/polyfill-php70":"self.version","symfony\/polyfill-php71":"self.version","symfony\/polyfill-iconv":"self.version","symfony\/polyfill-intl-grapheme":"self.version","symfony\/polyfill-intl-icu":"self.version","symfony\/polyfill-intl-normalizer":"self.version","symfony\/polyfill-mbstring":"self.version","symfony\/polyfill-util":"self.version","symfony\/polyfill-xml":"self.version"},"uid":1079312},"v1.3.1":{"name":"symfony\/polyfill","description":"Symfony polyfills backporting features to lower PHP versions","keywords":["compatibility","compat","polyfill","shim"],"homepage":"https:\/\/symfony.com","version":"v1.3.1","version_normalized":"1.3.1.0","license":["MIT"],"authors":[{"name":"Nicolas Grekas","email":"p@tchwork.com"},{"name":"Symfony Community","homepage":"https:\/\/symfony.com\/contributors"}],"source":{"type":"git","url":"https:\/\/github.com\/symfony\/polyfill.git","reference":"59052c86fa8c36097b640fc6e5c7461f46ac71d3"},"dist":{"type":"zip","url":"https:\/\/api.github.com\/repos\/symfony\/polyfill\/zipball\/59052c86fa8c36097b640fc6e5c7461f46ac71d3","reference":"59052c86fa8c36097b640fc6e5c7461f46ac71d3","shasum":""},"type":"library","time":"2017-06-09T14:08:27+00:00","autoload":{"psr-4":{"Symfony\\Polyfill\\":"src\/"},"files":["src\/Apcu\/bootstrap.php","src\/Php54\/bootstrap.php","src\/Php55\/bootstrap.php","src\/Php56\/bootstrap.php","src\/Php70\/bootstrap.php","src\/Php71\/bootstrap.php","src\/Iconv\/bootstrap.php","src\/Intl\/Grapheme\/bootstrap.php","src\/Intl\/Icu\/bootstrap.php","src\/Intl\/Normalizer\/bootstrap.php","src\/Mbstring\/bootstrap.php","src\/Xml\/bootstrap.php"],"classmap":["src\/Intl\/Normalizer\/Resources\/stubs","src\/Php70\/Resources\/stubs","src\/Php54\/Resources\/stubs"]},"extra":{"branch-alias":{"dev-master":"1.3-dev"}},"require":{"php":">=5.3.3","ircmaxell\/password-compat":"~1.0","paragonie\/random_compat":"~1.0|~2.0","symfony\/intl":"~2.3|~3.0|~4.0"},"require-dev":{"symfony\/phpunit-bridge":"~3.2"},"replace":{"symfony\/polyfill-apcu":"self.version","symfony\/polyfill-php54":"self.version","symfony\/polyfill-php55":"self.version","symfony\/polyfill-php56":"self.version","symfony\/polyfill-php70":"self.version","symfony\/polyfill-php71":"self.version","symfony\/polyfill-iconv":"self.version","symfony\/polyfill-intl-grapheme":"self.version","symfony\/polyfill-intl-icu":"self.version","symfony\/polyfill-intl-normalizer":"self.version","symfony\/polyfill-mbstring":"self.version","symfony\/polyfill-util":"self.version","symfony\/polyfill-xml":"self.version"},"uid":1436913},"v1.4.0":{"name":"symfony\/polyfill","description":"Symfony polyfills backporting features to lower PHP versions","keywords":["compatibility","compat","polyfill","shim"],"homepage":"https:\/\/symfony.com","version":"v1.4.0","version_normalized":"1.4.0.0","license":["MIT"],"authors":[{"name":"Nicolas Grekas","email":"p@tchwork.com"},{"name":"Symfony Community","homepage":"https:\/\/symfony.com\/contributors"}],"source":{"type":"git","url":"https:\/\/github.com\/symfony\/polyfill.git","reference":"a80c6de45ebd2a041415ba17879ff7309ead51f6"},"dist":{"type":"zip","url":"https:\/\/api.github.com\/repos\/symfony\/polyfill\/zipball\/a80c6de45ebd2a041415ba17879ff7309ead51f6","reference":"a80c6de45ebd2a041415ba17879ff7309ead51f6","shasum":""},"type":"library","time":"2017-06-09T14:32:47+00:00","autoload":{"psr-4":{"Symfony\\Polyfill\\":"src\/"},"files":["src\/Apcu\/bootstrap.php","src\/Php54\/bootstrap.php","src\/Php55\/bootstrap.php","src\/Php56\/bootstrap.php","src\/Php70\/bootstrap.php","src\/Php71\/bootstrap.php","src\/Php72\/bootstrap.php","src\/Iconv\/bootstrap.php","src\/Intl\/Grapheme\/bootstrap.php","src\/Intl\/Icu\/bootstrap.php","src\/Intl\/Normalizer\/bootstrap.php","src\/Mbstring\/bootstrap.php"],"classmap":["src\/Intl\/Normalizer\/Resources\/stubs","src\/Php70\/Resources\/stubs","src\/Php54\/Resources\/stubs"]},"extra":{"branch-alias":{"dev-master":"1.4-dev"}},"require":{"php":">=5.3.3","ircmaxell\/password-compat":"~1.0","paragonie\/random_compat":"~1.0|~2.0","symfony\/intl":"~2.3|~3.0|~4.0"},"require-dev":{"symfony\/phpunit-bridge":"~3.2"},"replace":{"symfony\/polyfill-apcu":"self.version","symfony\/polyfill-php54":"self.version","symfony\/polyfill-php55":"self.version","symfony\/polyfill-php56":"self.version","symfony\/polyfill-php70":"self.version","symfony\/polyfill-php71":"self.version","symfony\/polyfill-php72":"self.version","symfony\/polyfill-iconv":"self.version","symfony\/polyfill-intl-grapheme":"self.version","symfony\/polyfill-intl-icu":"self.version","symfony\/polyfill-intl-normalizer":"self.version","symfony\/polyfill-mbstring":"self.version","symfony\/polyfill-util":"self.version","symfony\/polyfill-xml":"self.version"},"uid":1437002},"v1.5.0":{"name":"symfony\/polyfill","description":"Symfony polyfills backporting features to lower PHP versions","keywords":["compatibility","compat","polyfill","shim"],"homepage":"https:\/\/symfony.com","version":"v1.5.0","version_normalized":"1.5.0.0","license":["MIT"],"authors":[{"name":"Nicolas Grekas","email":"p@tchwork.com"},{"name":"Symfony Community","homepage":"https:\/\/symfony.com\/contributors"}],"source":{"type":"git","url":"https:\/\/github.com\/symfony\/polyfill.git","reference":"157dfe598da2181908ff2345cad1807b2c23f5f9"},"dist":{"type":"zip","url":"https:\/\/api.github.com\/repos\/symfony\/polyfill\/zipball\/157dfe598da2181908ff2345cad1807b2c23f5f9","reference":"157dfe598da2181908ff2345cad1807b2c23f5f9","shasum":""},"type":"library","time":"2017-08-16T07:33:06+00:00","autoload":{"psr-4":{"Symfony\\Polyfill\\":"src\/"},"files":["src\/Apcu\/bootstrap.php","src\/Php54\/bootstrap.php","src\/Php55\/bootstrap.php","src\/Php56\/bootstrap.php","src\/Php70\/bootstrap.php","src\/Php71\/bootstrap.php","src\/Php72\/bootstrap.php","src\/Iconv\/bootstrap.php","src\/Intl\/Grapheme\/bootstrap.php","src\/Intl\/Icu\/bootstrap.php","src\/Intl\/Normalizer\/bootstrap.php","src\/Mbstring\/bootstrap.php"],"classmap":["src\/Intl\/Normalizer\/Resources\/stubs","src\/Php70\/Resources\/stubs","src\/Php54\/Resources\/stubs"]},"extra":{"branch-alias":{"dev-master":"1.5-dev"}},"require":{"php":">=5.3.3","ircmaxell\/password-compat":"~1.0","paragonie\/random_compat":"~1.0|~2.0","symfony\/intl":"~2.3|~3.0|~4.0"},"require-dev":{"symfony\/phpunit-bridge":"~3.2"},"replace":{"symfony\/polyfill-apcu":"self.version","symfony\/polyfill-php54":"self.version","symfony\/polyfill-php55":"self.version","symfony\/polyfill-php56":"self.version","symfony\/polyfill-php70":"self.version","symfony\/polyfill-php71":"self.version","symfony\/polyfill-php72":"self.version","symfony\/polyfill-iconv":"self.version","symfony\/polyfill-intl-grapheme":"self.version","symfony\/polyfill-intl-icu":"self.version","symfony\/polyfill-intl-normalizer":"self.version","symfony\/polyfill-mbstring":"self.version","symfony\/polyfill-util":"self.version","symfony\/polyfill-xml":"self.version"},"uid":1557063}},"symfony\/polyfill-php54":{"dev-master":{"name":"symfony\/polyfill-php54","description":"Symfony polyfill backporting some PHP 5.4+ features to lower PHP versions","keywords":["compatibility","portable","polyfill","shim"],"homepage":"https:\/\/symfony.com","version":"dev-master","version_normalized":"9999999-dev","license":["MIT"],"authors":[{"name":"Nicolas Grekas","email":"p@tchwork.com"},{"name":"Symfony Community","homepage":"https:\/\/symfony.com\/contributors"}],"source":{"type":"git","url":"https:\/\/github.com\/symfony\/polyfill-php54.git","reference":"b7763422a5334c914ef0298ed21b253d25913a6e"},"dist":{"type":"zip","url":"https:\/\/api.github.com\/repos\/symfony\/polyfill-php54\/zipball\/b7763422a5334c914ef0298ed21b253d25913a6e","reference":"b7763422a5334c914ef0298ed21b253d25913a6e","shasum":""},"type":"library","time":"2017-06-14T15:44:48+00:00","autoload":{"psr-4":{"Symfony\\Polyfill\\Php54\\":""},"files":["bootstrap.php"],"classmap":["Resources\/stubs"]},"extra":{"branch-alias":{"dev-master":"1.5-dev"}},"require":{"php":">=5.3.3"},"uid":562033},"v1.0.0":{"name":"symfony\/polyfill-php54","description":"Symfony polyfill backporting some PHP 5.4+ features to lower PHP versions","keywords":["compatibility","portable","polyfill","shim"],"homepage":"https:\/\/symfony.com","version":"v1.0.0","version_normalized":"1.0.0.0","license":["MIT"],"authors":[{"name":"Nicolas Grekas","email":"p@tchwork.com"},{"name":"Symfony Community","homepage":"https:\/\/symfony.com\/contributors"}],"source":{"type":"git","url":"https:\/\/github.com\/symfony\/polyfill-php54.git","reference":"2c9f6d98eb30dc04fe0b06f9cc92a55acea5bdcc"},"dist":{"type":"zip","url":"https:\/\/api.github.com\/repos\/symfony\/polyfill-php54\/zipball\/2c9f6d98eb30dc04fe0b06f9cc92a55acea5bdcc","reference":"2c9f6d98eb30dc04fe0b06f9cc92a55acea5bdcc","shasum":""},"type":"library","time":"2015-11-04T20:28:58+00:00","autoload":{"psr-4":{"Symfony\\Polyfill\\Php54\\":""},"files":["bootstrap.php"],"classmap":["Resources\/stubs"]},"extra":{"branch-alias":{"dev-master":"1.0-dev"}},"require":{"php":">=5.3.3"},"uid":573967},"v1.0.1":{"name":"symfony\/polyfill-php54","description":"Symfony polyfill backporting some PHP 5.4+ features to lower PHP versions","keywords":["compatibility","portable","polyfill","shim"],"homepage":"https:\/\/symfony.com","version":"v1.0.1","version_normalized":"1.0.1.0","license":["MIT"],"authors":[{"name":"Nicolas Grekas","email":"p@tchwork.com"},{"name":"Symfony Community","homepage":"https:\/\/symfony.com\/contributors"}],"source":{"type":"git","url":"https:\/\/github.com\/symfony\/polyfill-php54.git","reference":"2c9f6d98eb30dc04fe0b06f9cc92a55acea5bdcc"},"dist":{"type":"zip","url":"https:\/\/api.github.com\/repos\/symfony\/polyfill-php54\/zipball\/2c9f6d98eb30dc04fe0b06f9cc92a55acea5bdcc","reference":"2c9f6d98eb30dc04fe0b06f9cc92a55acea5bdcc","shasum":""},"type":"library","time":"2015-11-04T20:28:58+00:00","autoload":{"psr-4":{"Symfony\\Polyfill\\Php54\\":""},"files":["bootstrap.php"],"classmap":["Resources\/stubs"]},"extra":{"branch-alias":{"dev-master":"1.0-dev"}},"require":{"php":">=5.3.3"},"uid":635247},"v1.1.0":{"name":"symfony\/polyfill-php54","description":"Symfony polyfill backporting some PHP 5.4+ features to lower PHP versions","keywords":["compatibility","portable","polyfill","shim"],"homepage":"https:\/\/symfony.com","version":"v1.1.0","version_normalized":"1.1.0.0","license":["MIT"],"authors":[{"name":"Nicolas Grekas","email":"p@tchwork.com"},{"name":"Symfony Community","homepage":"https:\/\/symfony.com\/contributors"}],"source":{"type":"git","url":"https:\/\/github.com\/symfony\/polyfill-php54.git","reference":"74663d5a2ff3c530c1bc0571500e0feec9094054"},"dist":{"type":"zip","url":"https:\/\/api.github.com\/repos\/symfony\/polyfill-php54\/zipball\/74663d5a2ff3c530c1bc0571500e0feec9094054","reference":"74663d5a2ff3c530c1bc0571500e0feec9094054","shasum":""},"type":"library","time":"2016-01-20T09:13:37+00:00","autoload":{"psr-4":{"Symfony\\Polyfill\\Php54\\":""},"files":["bootstrap.php"],"classmap":["Resources\/stubs"]},"extra":{"branch-alias":{"dev-master":"1.1-dev"}},"require":{"php":">=5.3.3"},"uid":670774},"v1.1.1":{"name":"symfony\/polyfill-php54","description":"Symfony polyfill backporting some PHP 5.4+ features to lower PHP versions","keywords":["compatibility","portable","polyfill","shim"],"homepage":"https:\/\/symfony.com","version":"v1.1.1","version_normalized":"1.1.1.0","license":["MIT"],"authors":[{"name":"Nicolas Grekas","email":"p@tchwork.com"},{"name":"Symfony Community","homepage":"https:\/\/symfony.com\/contributors"}],"source":{"type":"git","url":"https:\/\/github.com\/symfony\/polyfill-php54.git","reference":"9ba741ca01c77282ecf5796c2c1d667f03454ffb"},"dist":{"type":"zip","url":"https:\/\/api.github.com\/repos\/symfony\/polyfill-php54\/zipball\/9ba741ca01c77282ecf5796c2c1d667f03454ffb","reference":"9ba741ca01c77282ecf5796c2c1d667f03454ffb","shasum":""},"type":"library","time":"2016-01-25T19:13:00+00:00","autoload":{"psr-4":{"Symfony\\Polyfill\\Php54\\":""},"files":["bootstrap.php"],"classmap":["Resources\/stubs"]},"extra":{"branch-alias":{"dev-master":"1.1-dev"}},"require":{"php":">=5.3.3"},"uid":730510},"v1.2.0":{"name":"symfony\/polyfill-php54","description":"Symfony polyfill backporting some PHP 5.4+ features to lower PHP versions","keywords":["compatibility","portable","polyfill","shim"],"homepage":"https:\/\/symfony.com","version":"v1.2.0","version_normalized":"1.2.0.0","license":["MIT"],"authors":[{"name":"Nicolas Grekas","email":"p@tchwork.com"},{"name":"Symfony Community","homepage":"https:\/\/symfony.com\/contributors"}],"source":{"type":"git","url":"https:\/\/github.com\/symfony\/polyfill-php54.git","reference":"34d761992f6f2cc6092cc0e5e93f38b53ba5e4f1"},"dist":{"type":"zip","url":"https:\/\/api.github.com\/repos\/symfony\/polyfill-php54\/zipball\/34d761992f6f2cc6092cc0e5e93f38b53ba5e4f1","reference":"34d761992f6f2cc6092cc0e5e93f38b53ba5e4f1","shasum":""},"type":"library","time":"2016-05-18T14:26:46+00:00","autoload":{"psr-4":{"Symfony\\Polyfill\\Php54\\":""},"files":["bootstrap.php"],"classmap":["Resources\/stubs"]},"extra":{"branch-alias":{"dev-master":"1.2-dev"}},"require":{"php":">=5.3.3"},"uid":826289},"v1.3.0":{"name":"symfony\/polyfill-php54","description":"Symfony polyfill backporting some PHP 5.4+ features to lower PHP versions","keywords":["compatibility","portable","polyfill","shim"],"homepage":"https:\/\/symfony.com","version":"v1.3.0","version_normalized":"1.3.0.0","license":["MIT"],"authors":[{"name":"Nicolas Grekas","email":"p@tchwork.com"},{"name":"Symfony Community","homepage":"https:\/\/symfony.com\/contributors"}],"source":{"type":"git","url":"https:\/\/github.com\/symfony\/polyfill-php54.git","reference":"90e085822963fdcc9d1c5b73deb3d2e5783b16a0"},"dist":{"type":"zip","url":"https:\/\/api.github.com\/repos\/symfony\/polyfill-php54\/zipball\/90e085822963fdcc9d1c5b73deb3d2e5783b16a0","reference":"90e085822963fdcc9d1c5b73deb3d2e5783b16a0","shasum":""},"type":"library","time":"2016-11-14T01:06:16+00:00","autoload":{"psr-4":{"Symfony\\Polyfill\\Php54\\":""},"files":["bootstrap.php"],"classmap":["Resources\/stubs"]},"extra":{"branch-alias":{"dev-master":"1.3-dev"}},"require":{"php":">=5.3.3"},"uid":1079325},"v1.3.1":{"name":"symfony\/polyfill-php54","description":"Symfony polyfill backporting some PHP 5.4+ features to lower PHP versions","keywords":["compatibility","portable","polyfill","shim"],"homepage":"https:\/\/symfony.com","version":"v1.3.1","version_normalized":"1.3.1.0","license":["MIT"],"authors":[{"name":"Nicolas Grekas","email":"p@tchwork.com"},{"name":"Symfony Community","homepage":"https:\/\/symfony.com\/contributors"}],"source":{"type":"git","url":"https:\/\/github.com\/symfony\/polyfill-php54.git","reference":"90e085822963fdcc9d1c5b73deb3d2e5783b16a0"},"dist":{"type":"zip","url":"https:\/\/api.github.com\/repos\/symfony\/polyfill-php54\/zipball\/90e085822963fdcc9d1c5b73deb3d2e5783b16a0","reference":"90e085822963fdcc9d1c5b73deb3d2e5783b16a0","shasum":""},"type":"library","time":"2016-11-14T01:06:16+00:00","autoload":{"psr-4":{"Symfony\\Polyfill\\Php54\\":""},"files":["bootstrap.php"],"classmap":["Resources\/stubs"]},"extra":{"branch-alias":{"dev-master":"1.3-dev"}},"require":{"php":">=5.3.3"},"uid":1436928},"v1.4.0":{"name":"symfony\/polyfill-php54","description":"Symfony polyfill backporting some PHP 5.4+ features to lower PHP versions","keywords":["compatibility","portable","polyfill","shim"],"homepage":"https:\/\/symfony.com","version":"v1.4.0","version_normalized":"1.4.0.0","license":["MIT"],"authors":[{"name":"Nicolas Grekas","email":"p@tchwork.com"},{"name":"Symfony Community","homepage":"https:\/\/symfony.com\/contributors"}],"source":{"type":"git","url":"https:\/\/github.com\/symfony\/polyfill-php54.git","reference":"7dd1a8b9f0442273fdfeb1c4f5eaff6890a82789"},"dist":{"type":"zip","url":"https:\/\/api.github.com\/repos\/symfony\/polyfill-php54\/zipball\/7dd1a8b9f0442273fdfeb1c4f5eaff6890a82789","reference":"7dd1a8b9f0442273fdfeb1c4f5eaff6890a82789","shasum":""},"type":"library","time":"2017-06-09T08:25:21+00:00","autoload":{"psr-4":{"Symfony\\Polyfill\\Php54\\":""},"files":["bootstrap.php"],"classmap":["Resources\/stubs"]},"extra":{"branch-alias":{"dev-master":"1.4-dev"}},"require":{"php":">=5.3.3"},"uid":1437009},"v1.5.0":{"name":"symfony\/polyfill-php54","description":"Symfony polyfill backporting some PHP 5.4+ features to lower PHP versions","keywords":["compatibility","portable","polyfill","shim"],"homepage":"https:\/\/symfony.com","version":"v1.5.0","version_normalized":"1.5.0.0","license":["MIT"],"authors":[{"name":"Nicolas Grekas","email":"p@tchwork.com"},{"name":"Symfony Community","homepage":"https:\/\/symfony.com\/contributors"}],"source":{"type":"git","url":"https:\/\/github.com\/symfony\/polyfill-php54.git","reference":"b7763422a5334c914ef0298ed21b253d25913a6e"},"dist":{"type":"zip","url":"https:\/\/api.github.com\/repos\/symfony\/polyfill-php54\/zipball\/b7763422a5334c914ef0298ed21b253d25913a6e","reference":"b7763422a5334c914ef0298ed21b253d25913a6e","shasum":""},"type":"library","time":"2017-06-14T15:44:48+00:00","autoload":{"psr-4":{"Symfony\\Polyfill\\Php54\\":""},"files":["bootstrap.php"],"classmap":["Resources\/stubs"]},"extra":{"branch-alias":{"dev-master":"1.5-dev"}},"require":{"php":">=5.3.3"},"uid":1557065}}}}