{"packages":{"sebastian\/resource-operations":{"1.0.0":{"name":"sebastian\/resource-operations","description":"Provides a list of PHP built-in functions that operate on resources","keywords":[],"homepage":"https:\/\/www.github.com\/sebastianbergmann\/resource-operations","version":"1.0.0","version_normalized":"1.0.0.0","license":["BSD-3-Clause"],"authors":[{"name":"Sebastian Bergmann","email":"sebastian@phpunit.de"}],"source":{"type":"git","url":"https:\/\/github.com\/sebastianbergmann\/resource-operations.git","reference":"ce990bb21759f94aeafd30209e8cfcdfa8bc3f52"},"dist":{"type":"zip","url":"https:\/\/api.github.com\/repos\/sebastianbergmann\/resource-operations\/zipball\/ce990bb21759f94aeafd30209e8cfcdfa8bc3f52","reference":"ce990bb21759f94aeafd30209e8cfcdfa8bc3f52","shasum":""},"type":"library","time":"2015-07-28T20:34:47+00:00","autoload":{"classmap":["src\/"]},"extra":{"branch-alias":{"dev-master":"1.0.x-dev"}},"require":{"php":">=5.6.0"},"uid":537816},"dev-master":{"name":"sebastian\/resource-operations","description":"Provides a list of PHP built-in functions that operate on resources","keywords":[],"homepage":"https:\/\/www.github.com\/sebastianbergmann\/resource-operations","version":"dev-master","version_normalized":"9999999-dev","license":["BSD-3-Clause"],"authors":[{"name":"Sebastian Bergmann","email":"sebastian@phpunit.de"}],"source":{"type":"git","url":"https:\/\/github.com\/sebastianbergmann\/resource-operations.git","reference":"fadc83f7c41fb2924e542635fea47ae546816ece"},"dist":{"type":"zip","url":"https:\/\/api.github.com\/repos\/sebastianbergmann\/resource-operations\/zipball\/fadc83f7c41fb2924e542635fea47ae546816ece","reference":"fadc83f7c41fb2924e542635fea47ae546816ece","shasum":""},"type":"library","time":"2016-10-03T07:43:09+00:00","autoload":{"classmap":["src\/"]},"extra":{"branch-alias":{"dev-master":"1.0.x-dev"}},"require":{"php":">=5.6.0"},"uid":465771}}}}