{"packages":{"laravel\/tinker":{"dev-master":{"name":"laravel\/tinker","description":"Powerful REPL for the Laravel framework.","keywords":["laravel","REPL","psysh","Tinker"],"homepage":"","version":"dev-master","version_normalized":"9999999-dev","license":["MIT"],"authors":[{"name":"Taylor Otwell","email":"taylor@laravel.com"}],"source":{"type":"git","url":"https:\/\/github.com\/laravel\/tinker.git","reference":"203978fd67f118902acff95925847e70b72e3daf"},"dist":{"type":"zip","url":"https:\/\/api.github.com\/repos\/laravel\/tinker\/zipball\/203978fd67f118902acff95925847e70b72e3daf","reference":"203978fd67f118902acff95925847e70b72e3daf","shasum":""},"type":"library","time":"2017-07-13T13:11:05+00:00","autoload":{"psr-4":{"Laravel\\Tinker\\":"src\/"}},"extra":{"branch-alias":{"dev-master":"1.0-dev"},"laravel":{"providers":["Laravel\\Tinker\\TinkerServiceProvider"]}},"require":{"php":">=5.5.9","illuminate\/console":"~5.1","illuminate\/contracts":"~5.1","illuminate\/support":"~5.1","psy\/psysh":"0.7.*|0.8.*","symfony\/var-dumper":"~3.0"},"require-dev":{"phpunit\/phpunit":"~4.0|~5.0"},"suggest":{"illuminate\/database":"The Illuminate Database package (~5.1)."},"uid":1146704},"v1.0.0":{"name":"laravel\/tinker","description":"Powerful REPL for the Laravel framework.","keywords":["laravel","REPL","psysh","Tinker"],"homepage":"","version":"v1.0.0","version_normalized":"1.0.0.0","license":["MIT"],"authors":[{"name":"Taylor Otwell","email":"taylor@laravel.com"}],"source":{"type":"git","url":"https:\/\/github.com\/laravel\/tinker.git","reference":"3d5b675b55b24ccbf86395964042dbe061d5a965"},"dist":{"type":"zip","url":"https:\/\/api.github.com\/repos\/laravel\/tinker\/zipball\/3d5b675b55b24ccbf86395964042dbe061d5a965","reference":"3d5b675b55b24ccbf86395964042dbe061d5a965","shasum":""},"type":"library","time":"2016-12-30T18:13:17+00:00","autoload":{"psr-4":{"Laravel\\Tinker\\":"src\/"}},"extra":{"branch-alias":{"dev-master":"1.0-dev"}},"require":{"php":">=5.5.9","illuminate\/console":"~5.1","illuminate\/contracts":"~5.1","illuminate\/support":"~5.1","psy\/psysh":"0.7.*|0.8.*","symfony\/var-dumper":"~3.0"},"require-dev":{"phpunit\/phpunit":"~4.0|~5.0"},"suggest":{"illuminate\/database":"The Illuminate Database package (~5.1)."},"uid":1191193},"v1.0.1":{"name":"laravel\/tinker","description":"Powerful REPL for the Laravel framework.","keywords":["laravel","REPL","psysh","Tinker"],"homepage":"","version":"v1.0.1","version_normalized":"1.0.1.0","license":["MIT"],"authors":[{"name":"Taylor Otwell","email":"taylor@laravel.com"}],"source":{"type":"git","url":"https:\/\/github.com\/laravel\/tinker.git","reference":"7eb2e281395131897407285672ef5532e87e17f9"},"dist":{"type":"zip","url":"https:\/\/api.github.com\/repos\/laravel\/tinker\/zipball\/7eb2e281395131897407285672ef5532e87e17f9","reference":"7eb2e281395131897407285672ef5532e87e17f9","shasum":""},"type":"library","time":"2017-06-01T16:31:26+00:00","autoload":{"psr-4":{"Laravel\\Tinker\\":"src\/"}},"extra":{"branch-alias":{"dev-master":"1.0-dev"},"laravel":{"providers":["Laravel\\Tinker\\TinkerServiceProvider"]}},"require":{"php":">=5.5.9","illuminate\/console":"~5.1","illuminate\/contracts":"~5.1","illuminate\/support":"~5.1","psy\/psysh":"0.7.*|0.8.*","symfony\/var-dumper":"~3.0"},"require-dev":{"phpunit\/phpunit":"~4.0|~5.0"},"suggest":{"illuminate\/database":"The Illuminate Database package (~5.1)."},"uid":1423806},"v1.0.2":{"name":"laravel\/tinker","description":"Powerful REPL for the Laravel framework.","keywords":["laravel","REPL","psysh","Tinker"],"homepage":"","version":"v1.0.2","version_normalized":"1.0.2.0","license":["MIT"],"authors":[{"name":"Taylor Otwell","email":"taylor@laravel.com"}],"source":{"type":"git","url":"https:\/\/github.com\/laravel\/tinker.git","reference":"203978fd67f118902acff95925847e70b72e3daf"},"dist":{"type":"zip","url":"https:\/\/api.github.com\/repos\/laravel\/tinker\/zipball\/203978fd67f118902acff95925847e70b72e3daf","reference":"203978fd67f118902acff95925847e70b72e3daf","shasum":""},"type":"library","time":"2017-07-13T13:11:05+00:00","autoload":{"psr-4":{"Laravel\\Tinker\\":"src\/"}},"extra":{"branch-alias":{"dev-master":"1.0-dev"},"laravel":{"providers":["Laravel\\Tinker\\TinkerServiceProvider"]}},"require":{"php":">=5.5.9","illuminate\/console":"~5.1","illuminate\/contracts":"~5.1","illuminate\/support":"~5.1","psy\/psysh":"0.7.*|0.8.*","symfony\/var-dumper":"~3.0"},"require-dev":{"phpunit\/phpunit":"~4.0|~5.0"},"suggest":{"illuminate\/database":"The Illuminate Database package (~5.1)."},"uid":1508720}}}}