{"packages":{"phpdocumentor\/reflection-common":{"0.1":{"name":"phpdocumentor\/reflection-common","description":"Common reflection classes used by phpdocumentor to reflect the code structure","keywords":["phpdoc","reflection","static analysis","phpDocumentor","FQSEN"],"homepage":"http:\/\/www.phpdoc.org","version":"0.1","version_normalized":"0.1.0.0","license":["MIT"],"authors":[{"name":"Jaap van Otterdijk","email":"opensource@ijaap.nl"}],"source":{"type":"git","url":"https:\/\/github.com\/phpDocumentor\/ReflectionCommon.git","reference":"f10c8a4e2afd1b106550b0a5b0e8db81742377f1"},"dist":{"type":"zip","url":"https:\/\/api.github.com\/repos\/phpDocumentor\/ReflectionCommon\/zipball\/f10c8a4e2afd1b106550b0a5b0e8db81742377f1","reference":"f10c8a4e2afd1b106550b0a5b0e8db81742377f1","shasum":""},"type":"library","time":"2015-06-12T17:27:38+00:00","autoload":{"psr-4":{"phpDocumentor\\Reflection\\":["src"]}},"extra":{"branch-alias":{"dev-master":"1.0.x-dev"}},"require-dev":{"phpunit\/phpunit":"^4.6"},"uid":432172},"0.2":{"name":"phpdocumentor\/reflection-common","description":"Common reflection classes used by phpdocumentor to reflect the code structure","keywords":["phpdoc","reflection","static analysis","phpDocumentor","FQSEN"],"homepage":"http:\/\/www.phpdoc.org","version":"0.2","version_normalized":"0.2.0.0","license":["MIT"],"authors":[{"name":"Jaap van Otterdijk","email":"opensource@ijaap.nl"}],"source":{"type":"git","url":"https:\/\/github.com\/phpDocumentor\/ReflectionCommon.git","reference":"8dfc66d8a72f6741ed9f5a39227f99f78ae8d9a5"},"dist":{"type":"zip","url":"https:\/\/api.github.com\/repos\/phpDocumentor\/ReflectionCommon\/zipball\/8dfc66d8a72f6741ed9f5a39227f99f78ae8d9a5","reference":"8dfc66d8a72f6741ed9f5a39227f99f78ae8d9a5","shasum":""},"type":"library","time":"2015-08-09T12:13:56+00:00","autoload":{"psr-4":{"phpDocumentor\\Reflection\\":["src"]}},"extra":{"branch-alias":{"dev-master":"1.0.x-dev"}},"require":{"php":">=5.5"},"require-dev":{"phpunit\/phpunit":"^4.6"},"uid":586998},"0.3":{"name":"phpdocumentor\/reflection-common","description":"Common reflection classes used by phpdocumentor to reflect the code structure","keywords":["phpdoc","reflection","static analysis","phpDocumentor","FQSEN"],"homepage":"http:\/\/www.phpdoc.org","version":"0.3","version_normalized":"0.3.0.0","license":["MIT"],"authors":[{"name":"Jaap van Otterdijk","email":"opensource@ijaap.nl"}],"source":{"type":"git","url":"https:\/\/github.com\/phpDocumentor\/ReflectionCommon.git","reference":"144c307535e82c8fdcaacbcfc1d6d8eeb896687c"},"dist":{"type":"zip","url":"https:\/\/api.github.com\/repos\/phpDocumentor\/ReflectionCommon\/zipball\/144c307535e82c8fdcaacbcfc1d6d8eeb896687c","reference":"144c307535e82c8fdcaacbcfc1d6d8eeb896687c","shasum":""},"type":"library","time":"2015-12-27T11:43:31+00:00","autoload":{"psr-4":{"phpDocumentor\\Reflection\\":["src"]}},"extra":{"branch-alias":{"dev-master":"1.0.x-dev"}},"require":{"php":">=5.5"},"require-dev":{"phpunit\/phpunit":"^4.6"},"uid":635961},"1.0":{"name":"phpdocumentor\/reflection-common","description":"Common reflection classes used by phpdocumentor to reflect the code structure","keywords":["phpdoc","reflection","static analysis","phpDocumentor","FQSEN"],"homepage":"http:\/\/www.phpdoc.org","version":"1.0","version_normalized":"1.0.0.0","license":["MIT"],"authors":[{"name":"Jaap van Otterdijk","email":"opensource@ijaap.nl"}],"source":{"type":"git","url":"https:\/\/github.com\/phpDocumentor\/ReflectionCommon.git","reference":"144c307535e82c8fdcaacbcfc1d6d8eeb896687c"},"dist":{"type":"zip","url":"https:\/\/api.github.com\/repos\/phpDocumentor\/ReflectionCommon\/zipball\/144c307535e82c8fdcaacbcfc1d6d8eeb896687c","reference":"144c307535e82c8fdcaacbcfc1d6d8eeb896687c","shasum":""},"type":"library","time":"2015-12-27T11:43:31+00:00","autoload":{"psr-4":{"phpDocumentor\\Reflection\\":["src"]}},"extra":{"branch-alias":{"dev-master":"1.0.x-dev"}},"require":{"php":">=5.5"},"require-dev":{"phpunit\/phpunit":"^4.6"},"uid":689443},"dev-master":{"name":"phpdocumentor\/reflection-common","description":"Common reflection classes used by phpdocumentor to reflect the code structure","keywords":["phpdoc","reflection","static analysis","phpDocumentor","FQSEN"],"homepage":"http:\/\/www.phpdoc.org","version":"dev-master","version_normalized":"9999999-dev","license":["MIT"],"authors":[{"name":"Jaap van Otterdijk","email":"opensource@ijaap.nl"}],"source":{"type":"git","url":"https:\/\/github.com\/phpDocumentor\/ReflectionCommon.git","reference":"a046af61c36e9162372f205de091a1cab7340f1c"},"dist":{"type":"zip","url":"https:\/\/api.github.com\/repos\/phpDocumentor\/ReflectionCommon\/zipball\/a046af61c36e9162372f205de091a1cab7340f1c","reference":"a046af61c36e9162372f205de091a1cab7340f1c","shasum":""},"type":"library","time":"2017-04-30T11:58:12+00:00","autoload":{"psr-4":{"phpDocumentor\\Reflection\\":["src"]}},"extra":{"branch-alias":{"dev-master":"1.0.x-dev"}},"require":{"php":">=5.5"},"require-dev":{"phpunit\/phpunit":"^4.6"},"uid":425595}}}}