{"packages":{"paragonie\/random_compat":{"0.9.0":{"name":"paragonie\/random_compat","description":"","keywords":["random","csprng","pseudorandom"],"homepage":"","version":"0.9.0","version_normalized":"0.9.0.0","license":["MIT"],"authors":[{"name":"Paragon Initiative Enterprises","email":"security@paragonie.com","homepage":"https:\/\/paragonie.com"}],"source":{"type":"git","url":"https:\/\/github.com\/paragonie\/random_compat.git","reference":"4e803df23a557891fedf52c5c9af700a50dd1805"},"dist":{"type":"zip","url":"https:\/\/api.github.com\/repos\/paragonie\/random_compat\/zipball\/4e803df23a557891fedf52c5c9af700a50dd1805","reference":"4e803df23a557891fedf52c5c9af700a50dd1805","shasum":""},"type":"library","time":"2015-07-07T21:23:16+00:00","autoload":{"files":["lib\/random.php"]},"uid":455191},"0.9.1":{"name":"paragonie\/random_compat","description":"","keywords":["random","csprng","pseudorandom"],"homepage":"","version":"0.9.1","version_normalized":"0.9.1.0","license":["MIT"],"authors":[{"name":"Paragon Initiative Enterprises","email":"security@paragonie.com","homepage":"https:\/\/paragonie.com"}],"source":{"type":"git","url":"https:\/\/github.com\/paragonie\/random_compat.git","reference":"92b380c7a2afd43b03658bf09b8551c00bee11e2"},"dist":{"type":"zip","url":"https:\/\/api.github.com\/repos\/paragonie\/random_compat\/zipball\/92b380c7a2afd43b03658bf09b8551c00bee11e2","reference":"92b380c7a2afd43b03658bf09b8551c00bee11e2","shasum":""},"type":"library","time":"2015-07-10T00:00:20+00:00","autoload":{"files":["lib\/random.php"]},"uid":457462},"0.9.2":{"name":"paragonie\/random_compat","description":"","keywords":["random","csprng","pseudorandom"],"homepage":"","version":"0.9.2","version_normalized":"0.9.2.0","license":["MIT"],"authors":[{"name":"Paragon Initiative Enterprises","email":"security@paragonie.com","homepage":"https:\/\/paragonie.com"}],"source":{"type":"git","url":"https:\/\/github.com\/paragonie\/random_compat.git","reference":"c55702685e7ad6735b2fef15ca3da188ee147901"},"dist":{"type":"zip","url":"https:\/\/api.github.com\/repos\/paragonie\/random_compat\/zipball\/c55702685e7ad6735b2fef15ca3da188ee147901","reference":"c55702685e7ad6735b2fef15ca3da188ee147901","shasum":""},"type":"library","time":"2015-07-17T02:09:05+00:00","autoload":{"files":["lib\/random.php"]},"uid":464209},"0.9.3":{"name":"paragonie\/random_compat","description":"PHP 5.x polyfill for random_bytes() and random_int() from PHP 7","keywords":["random","csprng","pseudorandom"],"homepage":"","version":"0.9.3","version_normalized":"0.9.3.0","license":["MIT"],"authors":[{"name":"Paragon Initiative Enterprises","email":"security@paragonie.com","homepage":"https:\/\/paragonie.com"}],"source":{"type":"git","url":"https:\/\/github.com\/paragonie\/random_compat.git","reference":"1a7b60368f25784c5156dcdca2c7201c8c9eadb1"},"dist":{"type":"zip","url":"https:\/\/api.github.com\/repos\/paragonie\/random_compat\/zipball\/1a7b60368f25784c5156dcdca2c7201c8c9eadb1","reference":"1a7b60368f25784c5156dcdca2c7201c8c9eadb1","shasum":""},"type":"library","time":"2015-07-22T16:57:56+00:00","autoload":{"files":["lib\/random.php"]},"uid":469466},"0.9.4":{"name":"paragonie\/random_compat","description":"PHP 5.x polyfill for random_bytes() and random_int() from PHP 7","keywords":["random","csprng","pseudorandom"],"homepage":"","version":"0.9.4","version_normalized":"0.9.4.0","license":["MIT"],"authors":[{"name":"Paragon Initiative Enterprises","email":"security@paragonie.com","homepage":"https:\/\/paragonie.com"}],"source":{"type":"git","url":"https:\/\/github.com\/paragonie\/random_compat.git","reference":"4a004b95a0f0f32f24935ddcc845b6c0a4fd0a84"},"dist":{"type":"zip","url":"https:\/\/api.github.com\/repos\/paragonie\/random_compat\/zipball\/4a004b95a0f0f32f24935ddcc845b6c0a4fd0a84","reference":"4a004b95a0f0f32f24935ddcc845b6c0a4fd0a84","shasum":""},"type":"library","time":"2015-07-27T17:14:01+00:00","autoload":{"files":["lib\/random.php"]},"uid":474394},"0.9.5":{"name":"paragonie\/random_compat","description":"PHP 5.x polyfill for random_bytes() and random_int() from PHP 7","keywords":["random","csprng","pseudorandom"],"homepage":"","version":"0.9.5","version_normalized":"0.9.5.0","license":["MIT"],"authors":[{"name":"Paragon Initiative Enterprises","email":"security@paragonie.com","homepage":"https:\/\/paragonie.com"}],"source":{"type":"git","url":"https:\/\/github.com\/paragonie\/random_compat.git","reference":"d6efc0a466f973cdf8235fc3a53dfc022354c32c"},"dist":{"type":"zip","url":"https:\/\/api.github.com\/repos\/paragonie\/random_compat\/zipball\/d6efc0a466f973cdf8235fc3a53dfc022354c32c","reference":"d6efc0a466f973cdf8235fc3a53dfc022354c32c","shasum":""},"type":"library","time":"2015-07-31T10:15:59+00:00","autoload":{"files":["lib\/random.php"]},"uid":478123},"1.0.10":{"name":"paragonie\/random_compat","description":"PHP 5.x polyfill for random_bytes() and random_int() from PHP 7","keywords":["random","csprng","pseudorandom"],"homepage":"","version":"1.0.10","version_normalized":"1.0.10.0","license":["MIT"],"authors":[{"name":"Paragon Initiative Enterprises","email":"security@paragonie.com","homepage":"https:\/\/paragonie.com"}],"source":{"type":"git","url":"https:\/\/github.com\/paragonie\/random_compat.git","reference":"2fa50aa2f17066fa74ba00d943e8cee1a98284af"},"dist":{"type":"zip","url":"https:\/\/api.github.com\/repos\/paragonie\/random_compat\/zipball\/2fa50aa2f17066fa74ba00d943e8cee1a98284af","reference":"2fa50aa2f17066fa74ba00d943e8cee1a98284af","shasum":""},"type":"library","time":"2015-10-23T13:21:37+00:00","autoload":{"files":["lib\/random.php"]},"require":{"php":">=5.2.0"},"suggest":{"ext-libsodium":"Provides a modern crypto API that can be used to generate random bytes."},"uid":560494},"1.0.2":{"name":"paragonie\/random_compat","description":"PHP 5.x polyfill for random_bytes() and random_int() from PHP 7","keywords":["random","csprng","pseudorandom"],"homepage":"","version":"1.0.2","version_normalized":"1.0.2.0","license":["MIT"],"authors":[{"name":"Paragon Initiative Enterprises","email":"security@paragonie.com","homepage":"https:\/\/paragonie.com"}],"source":{"type":"git","url":"https:\/\/github.com\/paragonie\/random_compat.git","reference":"298476979e3e014af0b8d7d1c04c3f1915bffd8f"},"dist":{"type":"zip","url":"https:\/\/api.github.com\/repos\/paragonie\/random_compat\/zipball\/298476979e3e014af0b8d7d1c04c3f1915bffd8f","reference":"298476979e3e014af0b8d7d1c04c3f1915bffd8f","shasum":""},"type":"library","time":"2015-09-23T04:09:57+00:00","autoload":{"files":["lib\/random.php"]},"require":{"php":">=5.2.0"},"uid":529815},"1.0.3":{"name":"paragonie\/random_compat","description":"PHP 5.x polyfill for random_bytes() and random_int() from PHP 7","keywords":["random","csprng","pseudorandom"],"homepage":"","version":"1.0.3","version_normalized":"1.0.3.0","license":["MIT"],"authors":[{"name":"Paragon Initiative Enterprises","email":"security@paragonie.com","homepage":"https:\/\/paragonie.com"}],"source":{"type":"git","url":"https:\/\/github.com\/paragonie\/random_compat.git","reference":"369ecee47fb94326bbe9fba785dc081331d80a89"},"dist":{"type":"zip","url":"https:\/\/api.github.com\/repos\/paragonie\/random_compat\/zipball\/369ecee47fb94326bbe9fba785dc081331d80a89","reference":"369ecee47fb94326bbe9fba785dc081331d80a89","shasum":""},"type":"library","time":"2015-10-02T14:15:52+00:00","autoload":{"files":["lib\/random.php"]},"require":{"php":">=5.2.0"},"uid":539309},"1.0.4":{"name":"paragonie\/random_compat","description":"PHP 5.x polyfill for random_bytes() and random_int() from PHP 7","keywords":["random","csprng","pseudorandom"],"homepage":"","version":"1.0.4","version_normalized":"1.0.4.0","license":["MIT"],"authors":[{"name":"Paragon Initiative Enterprises","email":"security@paragonie.com","homepage":"https:\/\/paragonie.com"}],"source":{"type":"git","url":"https:\/\/github.com\/paragonie\/random_compat.git","reference":"456d84c8823207a18fb146c29f8b9e3aa0a9a31c"},"dist":{"type":"zip","url":"https:\/\/api.github.com\/repos\/paragonie\/random_compat\/zipball\/456d84c8823207a18fb146c29f8b9e3aa0a9a31c","reference":"456d84c8823207a18fb146c29f8b9e3aa0a9a31c","shasum":""},"type":"library","time":"2015-10-02T22:19:38+00:00","autoload":{"files":["lib\/random.php"]},"require":{"php":">=5.2.0"},"uid":542067},"1.0.5":{"name":"paragonie\/random_compat","description":"PHP 5.x polyfill for random_bytes() and random_int() from PHP 7","keywords":["random","csprng","pseudorandom"],"homepage":"","version":"1.0.5","version_normalized":"1.0.5.0","license":["MIT"],"authors":[{"name":"Paragon Initiative Enterprises","email":"security@paragonie.com","homepage":"https:\/\/paragonie.com"}],"source":{"type":"git","url":"https:\/\/github.com\/paragonie\/random_compat.git","reference":"f667aa2000a192adfa53332335a2ae0c1cb9ea6e"},"dist":{"type":"zip","url":"https:\/\/api.github.com\/repos\/paragonie\/random_compat\/zipball\/f667aa2000a192adfa53332335a2ae0c1cb9ea6e","reference":"f667aa2000a192adfa53332335a2ae0c1cb9ea6e","shasum":""},"type":"library","time":"2015-10-08T12:57:25+00:00","autoload":{"files":["lib\/random.php"]},"require":{"php":">=5.2.0"},"uid":545443},"1.0.6":{"name":"paragonie\/random_compat","description":"PHP 5.x polyfill for random_bytes() and random_int() from PHP 7","keywords":["random","csprng","pseudorandom"],"homepage":"","version":"1.0.6","version_normalized":"1.0.6.0","license":["MIT"],"authors":[{"name":"Paragon Initiative Enterprises","email":"security@paragonie.com","homepage":"https:\/\/paragonie.com"}],"source":{"type":"git","url":"https:\/\/github.com\/paragonie\/random_compat.git","reference":"9a0ce69360aa22413a96f2bf93f61235e2c18486"},"dist":{"type":"zip","url":"https:\/\/api.github.com\/repos\/paragonie\/random_compat\/zipball\/9a0ce69360aa22413a96f2bf93f61235e2c18486","reference":"9a0ce69360aa22413a96f2bf93f61235e2c18486","shasum":""},"type":"library","time":"2015-10-16T03:43:13+00:00","autoload":{"files":["lib\/random.php"]},"require":{"php":">=5.2.0"},"suggest":{"ext-libsodium":"Provides a modern crypto API that can be used to generate random bytes."},"uid":552658},"1.0.7":{"name":"paragonie\/random_compat","description":"PHP 5.x polyfill for random_bytes() and random_int() from PHP 7","keywords":["random","csprng","pseudorandom"],"homepage":"","version":"1.0.7","version_normalized":"1.0.7.0","license":["MIT"],"authors":[{"name":"Paragon Initiative Enterprises","email":"security@paragonie.com","homepage":"https:\/\/paragonie.com"}],"source":{"type":"git","url":"https:\/\/github.com\/paragonie\/random_compat.git","reference":"df1207683dfbd1399f0fa931a368082a28fed50b"},"dist":{"type":"zip","url":"https:\/\/api.github.com\/repos\/paragonie\/random_compat\/zipball\/df1207683dfbd1399f0fa931a368082a28fed50b","reference":"df1207683dfbd1399f0fa931a368082a28fed50b","shasum":""},"type":"library","time":"2015-10-16T14:10:15+00:00","autoload":{"files":["lib\/random.php"]},"require":{"php":">=5.2.0"},"suggest":{"ext-libsodium":"Provides a modern crypto API that can be used to generate random bytes."},"uid":553987},"1.0.8":{"name":"paragonie\/random_compat","description":"PHP 5.x polyfill for random_bytes() and random_int() from PHP 7","keywords":["random","csprng","pseudorandom"],"homepage":"","version":"1.0.8","version_normalized":"1.0.8.0","license":["MIT"],"authors":[{"name":"Paragon Initiative Enterprises","email":"security@paragonie.com","homepage":"https:\/\/paragonie.com"}],"source":{"type":"git","url":"https:\/\/github.com\/paragonie\/random_compat.git","reference":"7fe2420f8ad46aa08d5b317c92a148611d366d88"},"dist":{"type":"zip","url":"https:\/\/api.github.com\/repos\/paragonie\/random_compat\/zipball\/7fe2420f8ad46aa08d5b317c92a148611d366d88","reference":"7fe2420f8ad46aa08d5b317c92a148611d366d88","shasum":""},"type":"library","time":"2015-10-18T21:39:26+00:00","autoload":{"files":["lib\/random.php"]},"require":{"php":">=5.2.0"},"suggest":{"ext-libsodium":"Provides a modern crypto API that can be used to generate random bytes."},"uid":555454},"1.0.9":{"name":"paragonie\/random_compat","description":"PHP 5.x polyfill for random_bytes() and random_int() from PHP 7","keywords":["random","csprng","pseudorandom"],"homepage":"","version":"1.0.9","version_normalized":"1.0.9.0","license":["MIT"],"authors":[{"name":"Paragon Initiative Enterprises","email":"security@paragonie.com","homepage":"https:\/\/paragonie.com"}],"source":{"type":"git","url":"https:\/\/github.com\/paragonie\/random_compat.git","reference":"7647ac58c35ece044b939e01c85dbaa73ed26351"},"dist":{"type":"zip","url":"https:\/\/api.github.com\/repos\/paragonie\/random_compat\/zipball\/7647ac58c35ece044b939e01c85dbaa73ed26351","reference":"7647ac58c35ece044b939e01c85dbaa73ed26351","shasum":""},"type":"library","time":"2015-10-20T15:22:41+00:00","autoload":{"files":["lib\/random.php"]},"require":{"php":">=5.2.0"},"suggest":{"ext-libsodium":"Provides a modern crypto API that can be used to generate random bytes."},"uid":557441},"1.1.0":{"name":"paragonie\/random_compat","description":"PHP 5.x polyfill for random_bytes() and random_int() from PHP 7","keywords":["random","csprng","pseudorandom"],"homepage":"","version":"1.1.0","version_normalized":"1.1.0.0","license":["MIT"],"authors":[{"name":"Paragon Initiative Enterprises","email":"security@paragonie.com","homepage":"https:\/\/paragonie.com"}],"source":{"type":"git","url":"https:\/\/github.com\/paragonie\/random_compat.git","reference":"19f765b66c6fbb56ee3b11bc16d52e38eebdc295"},"dist":{"type":"zip","url":"https:\/\/api.github.com\/repos\/paragonie\/random_compat\/zipball\/19f765b66c6fbb56ee3b11bc16d52e38eebdc295","reference":"19f765b66c6fbb56ee3b11bc16d52e38eebdc295","shasum":""},"type":"library","time":"2015-11-10T00:45:41+00:00","autoload":{"files":["lib\/random.php"]},"require":{"php":">=5.2.0"},"require-dev":{"phpunit\/phpunit":"4.*|5.*"},"suggest":{"ext-libsodium":"Provides a modern crypto API that can be used to generate random bytes."},"uid":579538},"1.1.1":{"name":"paragonie\/random_compat","description":"PHP 5.x polyfill for random_bytes() and random_int() from PHP 7","keywords":["random","csprng","pseudorandom"],"homepage":"","version":"1.1.1","version_normalized":"1.1.1.0","license":["MIT"],"authors":[{"name":"Paragon Initiative Enterprises","email":"security@paragonie.com","homepage":"https:\/\/paragonie.com"}],"source":{"type":"git","url":"https:\/\/github.com\/paragonie\/random_compat.git","reference":"a208865a5aeffc2dbbef2a5b3409887272d93f32"},"dist":{"type":"zip","url":"https:\/\/api.github.com\/repos\/paragonie\/random_compat\/zipball\/a208865a5aeffc2dbbef2a5b3409887272d93f32","reference":"a208865a5aeffc2dbbef2a5b3409887272d93f32","shasum":""},"type":"library","time":"2015-12-01T02:52:15+00:00","autoload":{"files":["lib\/random.php"]},"require":{"php":">=5.2.0"},"require-dev":{"phpunit\/phpunit":"4.*|5.*"},"suggest":{"ext-libsodium":"Provides a modern crypto API that can be used to generate random bytes."},"uid":605154},"1.1.2":{"name":"paragonie\/random_compat","description":"PHP 5.x polyfill for random_bytes() and random_int() from PHP 7","keywords":["random","csprng","pseudorandom"],"homepage":"","version":"1.1.2","version_normalized":"1.1.2.0","license":["MIT"],"authors":[{"name":"Paragon Initiative Enterprises","email":"security@paragonie.com","homepage":"https:\/\/paragonie.com"}],"source":{"type":"git","url":"https:\/\/github.com\/paragonie\/random_compat.git","reference":"5f727f8859ceb0f6ccf5d5e73a382b501abf5d43"},"dist":{"type":"zip","url":"https:\/\/api.github.com\/repos\/paragonie\/random_compat\/zipball\/5f727f8859ceb0f6ccf5d5e73a382b501abf5d43","reference":"5f727f8859ceb0f6ccf5d5e73a382b501abf5d43","shasum":""},"type":"library","time":"2015-12-09T17:01:19+00:00","autoload":{"files":["lib\/random.php"]},"require":{"php":">=5.2.0"},"require-dev":{"phpunit\/phpunit":"4.*|5.*"},"suggest":{"ext-libsodium":"Provides a modern crypto API that can be used to generate random bytes."},"uid":616328},"1.1.3":{"name":"paragonie\/random_compat","description":"PHP 5.x polyfill for random_bytes() and random_int() from PHP 7","keywords":["random","csprng","pseudorandom"],"homepage":"","version":"1.1.3","version_normalized":"1.1.3.0","license":["MIT"],"authors":[{"name":"Paragon Initiative Enterprises","email":"security@paragonie.com","homepage":"https:\/\/paragonie.com"}],"source":{"type":"git","url":"https:\/\/github.com\/paragonie\/random_compat.git","reference":"b3cbb3782fc25f0b3154a89d896d81d99b87cfa3"},"dist":{"type":"zip","url":"https:\/\/api.github.com\/repos\/paragonie\/random_compat\/zipball\/b3cbb3782fc25f0b3154a89d896d81d99b87cfa3","reference":"b3cbb3782fc25f0b3154a89d896d81d99b87cfa3","shasum":""},"type":"library","time":"2015-12-09T19:35:44+00:00","autoload":{"files":["lib\/random.php"]},"require":{"php":">=5.2.0"},"require-dev":{"phpunit\/phpunit":"4.*|5.*"},"suggest":{"ext-libsodium":"Provides a modern crypto API that can be used to generate random bytes."},"uid":616444},"1.1.4":{"name":"paragonie\/random_compat","description":"PHP 5.x polyfill for random_bytes() and random_int() from PHP 7","keywords":["random","csprng","pseudorandom"],"homepage":"","version":"1.1.4","version_normalized":"1.1.4.0","license":["MIT"],"authors":[{"name":"Paragon Initiative Enterprises","email":"security@paragonie.com","homepage":"https:\/\/paragonie.com"}],"source":{"type":"git","url":"https:\/\/github.com\/paragonie\/random_compat.git","reference":"d762ee5b099a29044603cd4649851e81aa66cb47"},"dist":{"type":"zip","url":"https:\/\/api.github.com\/repos\/paragonie\/random_compat\/zipball\/d762ee5b099a29044603cd4649851e81aa66cb47","reference":"d762ee5b099a29044603cd4649851e81aa66cb47","shasum":""},"type":"library","time":"2015-12-10T14:48:13+00:00","autoload":{"files":["lib\/random.php"]},"require":{"php":">=5.2.0"},"require-dev":{"phpunit\/phpunit":"4.*|5.*"},"suggest":{"ext-libsodium":"Provides a modern crypto API that can be used to generate random bytes."},"uid":617363},"1.1.5":{"name":"paragonie\/random_compat","description":"PHP 5.x polyfill for random_bytes() and random_int() from PHP 7","keywords":["random","csprng","pseudorandom"],"homepage":"","version":"1.1.5","version_normalized":"1.1.5.0","license":["MIT"],"authors":[{"name":"Paragon Initiative Enterprises","email":"security@paragonie.com","homepage":"https:\/\/paragonie.com"}],"source":{"type":"git","url":"https:\/\/github.com\/paragonie\/random_compat.git","reference":"dd8998b7c846f6909f4e7a5f67fabebfc412a4f7"},"dist":{"type":"zip","url":"https:\/\/api.github.com\/repos\/paragonie\/random_compat\/zipball\/dd8998b7c846f6909f4e7a5f67fabebfc412a4f7","reference":"dd8998b7c846f6909f4e7a5f67fabebfc412a4f7","shasum":""},"type":"library","time":"2016-01-06T13:31:20+00:00","autoload":{"files":["lib\/random.php"]},"require":{"php":">=5.2.0"},"require-dev":{"phpunit\/phpunit":"4.*|5.*"},"suggest":{"ext-libsodium":"Provides a modern crypto API that can be used to generate random bytes."},"uid":648152},"1.1.6":{"name":"paragonie\/random_compat","description":"PHP 5.x polyfill for random_bytes() and random_int() from PHP 7","keywords":["random","csprng","pseudorandom"],"homepage":"","version":"1.1.6","version_normalized":"1.1.6.0","license":["MIT"],"authors":[{"name":"Paragon Initiative Enterprises","email":"security@paragonie.com","homepage":"https:\/\/paragonie.com"}],"source":{"type":"git","url":"https:\/\/github.com\/paragonie\/random_compat.git","reference":"e6f80ab77885151908d0ec743689ca700886e8b0"},"dist":{"type":"zip","url":"https:\/\/api.github.com\/repos\/paragonie\/random_compat\/zipball\/e6f80ab77885151908d0ec743689ca700886e8b0","reference":"e6f80ab77885151908d0ec743689ca700886e8b0","shasum":""},"type":"library","time":"2016-01-29T16:19:52+00:00","autoload":{"files":["lib\/random.php"]},"require":{"php":">=5.2.0"},"require-dev":{"phpunit\/phpunit":"4.*|5.*"},"suggest":{"ext-libsodium":"Provides a modern crypto API that can be used to generate random bytes."},"uid":677270},"1.2.x-dev":{"name":"paragonie\/random_compat","description":"PHP 5.x polyfill for random_bytes() and random_int() from PHP 7","keywords":["random","csprng","pseudorandom"],"homepage":"","version":"1.2.x-dev","version_normalized":"1.2.9999999.9999999-dev","license":["MIT"],"authors":[{"name":"Paragon Initiative Enterprises","email":"security@paragonie.com","homepage":"https:\/\/paragonie.com"}],"source":{"type":"git","url":"https:\/\/github.com\/paragonie\/random_compat.git","reference":"0b441c047be7a1e829fb106687284b0f8cf77db7"},"dist":{"type":"zip","url":"https:\/\/api.github.com\/repos\/paragonie\/random_compat\/zipball\/0b441c047be7a1e829fb106687284b0f8cf77db7","reference":"0b441c047be7a1e829fb106687284b0f8cf77db7","shasum":""},"type":"library","time":"2016-03-18T15:55:46+00:00","autoload":{"files":["lib\/random.php"]},"require":{"php":">=5.2.0"},"require-dev":{"phpunit\/phpunit":"4.*|5.*"},"suggest":{"ext-libsodium":"Provides a modern crypto API that can be used to generate random bytes."},"uid":740356},"dev-exceptional":{"name":"paragonie\/random_compat","description":"PHP 5.x polyfill for random_bytes() and random_int() from PHP 7","keywords":["random","csprng","pseudorandom"],"homepage":"","version":"dev-exceptional","version_normalized":"dev-exceptional","license":["MIT"],"authors":[{"name":"Paragon Initiative Enterprises","email":"security@paragonie.com","homepage":"https:\/\/paragonie.com"}],"source":{"type":"git","url":"https:\/\/github.com\/paragonie\/random_compat.git","reference":"f9702a1724fe44a4d1e7738bf36b484faf303674"},"dist":{"type":"zip","url":"https:\/\/api.github.com\/repos\/paragonie\/random_compat\/zipball\/f9702a1724fe44a4d1e7738bf36b484faf303674","reference":"f9702a1724fe44a4d1e7738bf36b484faf303674","shasum":""},"type":"library","time":"2015-09-10T18:45:36+00:00","autoload":{"files":["lib\/random.php"]},"require":{"php":">=5.2.0"},"uid":516899},"dev-github-issue-tpl":{"name":"paragonie\/random_compat","description":"PHP 5.x polyfill for random_bytes() and random_int() from PHP 7","keywords":["random","csprng","pseudorandom"],"homepage":"","version":"dev-github-issue-tpl","version_normalized":"dev-github-issue-tpl","license":["MIT"],"authors":[{"name":"Paragon Initiative Enterprises","email":"security@paragonie.com","homepage":"https:\/\/paragonie.com"}],"source":{"type":"git","url":"https:\/\/github.com\/paragonie\/random_compat.git","reference":"968f56f3e4886e316e5591e801dfb5b9a21415a4"},"dist":{"type":"zip","url":"https:\/\/api.github.com\/repos\/paragonie\/random_compat\/zipball\/968f56f3e4886e316e5591e801dfb5b9a21415a4","reference":"968f56f3e4886e316e5591e801dfb5b9a21415a4","shasum":""},"type":"library","time":"2016-03-18T17:07:57+00:00","autoload":{"files":["lib\/random.php"]},"require":{"php":">=5.2.0"},"require-dev":{"phpunit\/phpunit":"4.*|5.*"},"suggest":{"ext-libsodium":"Provides a modern crypto API that can be used to generate random bytes."},"uid":743121},"dev-master":{"name":"paragonie\/random_compat","description":"PHP 5.x polyfill for random_bytes() and random_int() from PHP 7","keywords":["random","csprng","pseudorandom"],"homepage":"","version":"dev-master","version_normalized":"9999999-dev","license":["MIT"],"authors":[{"name":"Paragon Initiative Enterprises","email":"security@paragonie.com","homepage":"https:\/\/paragonie.com"}],"source":{"type":"git","url":"https:\/\/github.com\/paragonie\/random_compat.git","reference":"634bae8e911eefa89c1abfbf1b66da679ac8f54d"},"dist":{"type":"zip","url":"https:\/\/api.github.com\/repos\/paragonie\/random_compat\/zipball\/634bae8e911eefa89c1abfbf1b66da679ac8f54d","reference":"634bae8e911eefa89c1abfbf1b66da679ac8f54d","shasum":""},"type":"library","time":"2017-03-13T16:27:32+00:00","autoload":{"files":["lib\/random.php"]},"require":{"php":">=5.2.0"},"require-dev":{"phpunit\/phpunit":"4.*|5.*"},"suggest":{"ext-libsodium":"Provides a modern crypto API that can be used to generate random bytes."},"uid":455138},"dev-without-openssl":{"name":"paragonie\/random_compat","description":"PHP 5.x polyfill for random_bytes() and random_int() from PHP 7","keywords":["random","csprng","pseudorandom"],"homepage":"","version":"dev-without-openssl","version_normalized":"dev-without-openssl","license":["MIT"],"authors":[{"name":"Paragon Initiative Enterprises","email":"security@paragonie.com","homepage":"https:\/\/paragonie.com"}],"source":{"type":"git","url":"https:\/\/github.com\/paragonie\/random_compat.git","reference":"877223878a1a4a80b198478c27f3dc253889fa37"},"dist":{"type":"zip","url":"https:\/\/api.github.com\/repos\/paragonie\/random_compat\/zipball\/877223878a1a4a80b198478c27f3dc253889fa37","reference":"877223878a1a4a80b198478c27f3dc253889fa37","shasum":""},"type":"library","time":"2016-03-09T01:07:11+00:00","autoload":{"files":["lib\/random.php"]},"require":{"php":">=5.2.0"},"require-dev":{"phpunit\/phpunit":"4.*|5.*"},"suggest":{"ext-libsodium":"Provides a modern crypto API that can be used to generate random bytes."},"uid":729605},"v0.9.7":{"name":"paragonie\/random_compat","description":"PHP 5.x polyfill for random_bytes() and random_int() from PHP 7","keywords":["random","csprng","pseudorandom"],"homepage":"","version":"v0.9.7","version_normalized":"0.9.7.0","license":["MIT"],"authors":[{"name":"Paragon Initiative Enterprises","email":"security@paragonie.com","homepage":"https:\/\/paragonie.com"}],"source":{"type":"git","url":"https:\/\/github.com\/paragonie\/random_compat.git","reference":"f3419a01144c55acbb2c4ab86bdc55e65f23cfed"},"dist":{"type":"zip","url":"https:\/\/api.github.com\/repos\/paragonie\/random_compat\/zipball\/f3419a01144c55acbb2c4ab86bdc55e65f23cfed","reference":"f3419a01144c55acbb2c4ab86bdc55e65f23cfed","shasum":""},"type":"library","time":"2015-09-01T06:49:33+00:00","autoload":{"files":["lib\/random.php"]},"uid":507886},"v1.0.0":{"name":"paragonie\/random_compat","description":"PHP 5.x polyfill for random_bytes() and random_int() from PHP 7","keywords":["random","csprng","pseudorandom"],"homepage":"","version":"v1.0.0","version_normalized":"1.0.0.0","license":["MIT"],"authors":[{"name":"Paragon Initiative Enterprises","email":"security@paragonie.com","homepage":"https:\/\/paragonie.com"}],"source":{"type":"git","url":"https:\/\/github.com\/paragonie\/random_compat.git","reference":"a1d9f267eb8b8ad560e54e397a5ed1e3b78097d1"},"dist":{"type":"zip","url":"https:\/\/api.github.com\/repos\/paragonie\/random_compat\/zipball\/a1d9f267eb8b8ad560e54e397a5ed1e3b78097d1","reference":"a1d9f267eb8b8ad560e54e397a5ed1e3b78097d1","shasum":""},"type":"library","time":"2015-09-07T01:49:23+00:00","autoload":{"files":["lib\/random.php"]},"require":{"php":">=5.2.0"},"uid":513610},"v1.0.1":{"name":"paragonie\/random_compat","description":"PHP 5.x polyfill for random_bytes() and random_int() from PHP 7","keywords":["random","csprng","pseudorandom"],"homepage":"","version":"v1.0.1","version_normalized":"1.0.1.0","license":["MIT"],"authors":[{"name":"Paragon Initiative Enterprises","email":"security@paragonie.com","homepage":"https:\/\/paragonie.com"}],"source":{"type":"git","url":"https:\/\/github.com\/paragonie\/random_compat.git","reference":"fdc471fc186e13c8ac5aa8bd90fb3f4f8853637c"},"dist":{"type":"zip","url":"https:\/\/api.github.com\/repos\/paragonie\/random_compat\/zipball\/fdc471fc186e13c8ac5aa8bd90fb3f4f8853637c","reference":"fdc471fc186e13c8ac5aa8bd90fb3f4f8853637c","shasum":""},"type":"library","time":"2015-09-10T18:40:52+00:00","autoload":{"files":["lib\/random.php"]},"require":{"php":">=5.2.0"},"uid":518021},"v1.2.0":{"name":"paragonie\/random_compat","description":"PHP 5.x polyfill for random_bytes() and random_int() from PHP 7","keywords":["random","csprng","pseudorandom"],"homepage":"","version":"v1.2.0","version_normalized":"1.2.0.0","license":["MIT"],"authors":[{"name":"Paragon Initiative Enterprises","email":"security@paragonie.com","homepage":"https:\/\/paragonie.com"}],"source":{"type":"git","url":"https:\/\/github.com\/paragonie\/random_compat.git","reference":"b0e69d10852716b2ccbdff69c75c477637220790"},"dist":{"type":"zip","url":"https:\/\/api.github.com\/repos\/paragonie\/random_compat\/zipball\/b0e69d10852716b2ccbdff69c75c477637220790","reference":"b0e69d10852716b2ccbdff69c75c477637220790","shasum":""},"type":"library","time":"2016-02-06T03:52:05+00:00","autoload":{"files":["lib\/random.php"]},"require":{"php":">=5.2.0"},"require-dev":{"phpunit\/phpunit":"4.*|5.*"},"suggest":{"ext-libsodium":"Provides a modern crypto API that can be used to generate random bytes."},"uid":687213},"v1.2.1":{"name":"paragonie\/random_compat","description":"PHP 5.x polyfill for random_bytes() and random_int() from PHP 7","keywords":["random","csprng","pseudorandom"],"homepage":"","version":"v1.2.1","version_normalized":"1.2.1.0","license":["MIT"],"authors":[{"name":"Paragon Initiative Enterprises","email":"security@paragonie.com","homepage":"https:\/\/paragonie.com"}],"source":{"type":"git","url":"https:\/\/github.com\/paragonie\/random_compat.git","reference":"f078eba3bcf140fd69b5fcc3ea5ac809abf729dc"},"dist":{"type":"zip","url":"https:\/\/api.github.com\/repos\/paragonie\/random_compat\/zipball\/f078eba3bcf140fd69b5fcc3ea5ac809abf729dc","reference":"f078eba3bcf140fd69b5fcc3ea5ac809abf729dc","shasum":""},"type":"library","time":"2016-02-29T17:25:04+00:00","autoload":{"files":["lib\/random.php"]},"require":{"php":">=5.2.0"},"require-dev":{"phpunit\/phpunit":"4.*|5.*"},"suggest":{"ext-libsodium":"Provides a modern crypto API that can be used to generate random bytes."},"uid":717829},"v1.2.2":{"name":"paragonie\/random_compat","description":"PHP 5.x polyfill for random_bytes() and random_int() from PHP 7","keywords":["random","csprng","pseudorandom"],"homepage":"","version":"v1.2.2","version_normalized":"1.2.2.0","license":["MIT"],"authors":[{"name":"Paragon Initiative Enterprises","email":"security@paragonie.com","homepage":"https:\/\/paragonie.com"}],"source":{"type":"git","url":"https:\/\/github.com\/paragonie\/random_compat.git","reference":"b3313b618f4edd76523572531d5d7e22fe747430"},"dist":{"type":"zip","url":"https:\/\/api.github.com\/repos\/paragonie\/random_compat\/zipball\/b3313b618f4edd76523572531d5d7e22fe747430","reference":"b3313b618f4edd76523572531d5d7e22fe747430","shasum":""},"type":"library","time":"2016-03-11T19:54:08+00:00","autoload":{"files":["lib\/random.php"]},"require":{"php":">=5.2.0"},"require-dev":{"phpunit\/phpunit":"4.*|5.*"},"suggest":{"ext-libsodium":"Provides a modern crypto API that can be used to generate random bytes."},"uid":733737},"v1.2.3":{"name":"paragonie\/random_compat","description":"PHP 5.x polyfill for random_bytes() and random_int() from PHP 7","keywords":["random","csprng","pseudorandom"],"homepage":"","version":"v1.2.3","version_normalized":"1.2.3.0","license":["MIT"],"authors":[{"name":"Paragon Initiative Enterprises","email":"security@paragonie.com","homepage":"https:\/\/paragonie.com"}],"source":{"type":"git","url":"https:\/\/github.com\/paragonie\/random_compat.git","reference":"0b441c047be7a1e829fb106687284b0f8cf77db7"},"dist":{"type":"zip","url":"https:\/\/api.github.com\/repos\/paragonie\/random_compat\/zipball\/0b441c047be7a1e829fb106687284b0f8cf77db7","reference":"0b441c047be7a1e829fb106687284b0f8cf77db7","shasum":""},"type":"library","time":"2016-03-18T15:55:46+00:00","autoload":{"files":["lib\/random.php"]},"require":{"php":">=5.2.0"},"require-dev":{"phpunit\/phpunit":"4.*|5.*"},"suggest":{"ext-libsodium":"Provides a modern crypto API that can be used to generate random bytes."},"uid":742801},"v1.3.0":{"name":"paragonie\/random_compat","description":"PHP 5.x polyfill for random_bytes() and random_int() from PHP 7","keywords":["random","csprng","pseudorandom"],"homepage":"","version":"v1.3.0","version_normalized":"1.3.0.0","license":["MIT"],"authors":[{"name":"Paragon Initiative Enterprises","email":"security@paragonie.com","homepage":"https:\/\/paragonie.com"}],"source":{"type":"git","url":"https:\/\/github.com\/paragonie\/random_compat.git","reference":"ff76e1a660669bb56ba74ba0583fd8d41417bf39"},"dist":{"type":"zip","url":"https:\/\/api.github.com\/repos\/paragonie\/random_compat\/zipball\/ff76e1a660669bb56ba74ba0583fd8d41417bf39","reference":"ff76e1a660669bb56ba74ba0583fd8d41417bf39","shasum":""},"type":"library","time":"2016-03-17T16:11:57+00:00","autoload":{"files":["lib\/random.php"]},"require":{"php":">=5.2.0"},"require-dev":{"phpunit\/phpunit":"4.*|5.*"},"suggest":{"ext-libsodium":"Provides a modern crypto API that can be used to generate random bytes."},"uid":741513},"v1.3.1":{"name":"paragonie\/random_compat","description":"PHP 5.x polyfill for random_bytes() and random_int() from PHP 7","keywords":["random","csprng","pseudorandom"],"homepage":"","version":"v1.3.1","version_normalized":"1.3.1.0","license":["MIT"],"authors":[{"name":"Paragon Initiative Enterprises","email":"security@paragonie.com","homepage":"https:\/\/paragonie.com"}],"source":{"type":"git","url":"https:\/\/github.com\/paragonie\/random_compat.git","reference":"7088908cca6bad27b3105c86b1fb013f1e383f6f"},"dist":{"type":"zip","url":"https:\/\/api.github.com\/repos\/paragonie\/random_compat\/zipball\/7088908cca6bad27b3105c86b1fb013f1e383f6f","reference":"7088908cca6bad27b3105c86b1fb013f1e383f6f","shasum":""},"type":"library","time":"2016-03-18T15:57:52+00:00","autoload":{"files":["lib\/random.php"]},"require":{"php":">=5.2.0"},"require-dev":{"phpunit\/phpunit":"4.*|5.*"},"suggest":{"ext-libsodium":"Provides a modern crypto API that can be used to generate random bytes."},"uid":742794},"v1.4.0":{"name":"paragonie\/random_compat","description":"PHP 5.x polyfill for random_bytes() and random_int() from PHP 7","keywords":["random","csprng","pseudorandom"],"homepage":"","version":"v1.4.0","version_normalized":"1.4.0.0","license":["MIT"],"authors":[{"name":"Paragon Initiative Enterprises","email":"security@paragonie.com","homepage":"https:\/\/paragonie.com"}],"source":{"type":"git","url":"https:\/\/github.com\/paragonie\/random_compat.git","reference":"a93889dfb1c0ae465b62236ede8d00d3ea260952"},"dist":{"type":"zip","url":"https:\/\/api.github.com\/repos\/paragonie\/random_compat\/zipball\/a93889dfb1c0ae465b62236ede8d00d3ea260952","reference":"a93889dfb1c0ae465b62236ede8d00d3ea260952","shasum":""},"type":"library","time":"2016-03-18T17:16:04+00:00","autoload":{"files":["lib\/random.php"]},"require":{"php":">=5.2.0"},"require-dev":{"phpunit\/phpunit":"4.*|5.*"},"suggest":{"ext-libsodium":"Provides a modern crypto API that can be used to generate random bytes."},"uid":743137},"v1.4.1":{"name":"paragonie\/random_compat","description":"PHP 5.x polyfill for random_bytes() and random_int() from PHP 7","keywords":["random","csprng","pseudorandom"],"homepage":"","version":"v1.4.1","version_normalized":"1.4.1.0","license":["MIT"],"authors":[{"name":"Paragon Initiative Enterprises","email":"security@paragonie.com","homepage":"https:\/\/paragonie.com"}],"source":{"type":"git","url":"https:\/\/github.com\/paragonie\/random_compat.git","reference":"c7e26a21ba357863de030f0b9e701c7d04593774"},"dist":{"type":"zip","url":"https:\/\/api.github.com\/repos\/paragonie\/random_compat\/zipball\/c7e26a21ba357863de030f0b9e701c7d04593774","reference":"c7e26a21ba357863de030f0b9e701c7d04593774","shasum":""},"type":"library","time":"2016-03-18T20:34:03+00:00","autoload":{"files":["lib\/random.php"]},"require":{"php":">=5.2.0"},"require-dev":{"phpunit\/phpunit":"4.*|5.*"},"suggest":{"ext-libsodium":"Provides a modern crypto API that can be used to generate random bytes."},"uid":743329},"v1.4.2":{"name":"paragonie\/random_compat","description":"PHP 5.x polyfill for random_bytes() and random_int() from PHP 7","keywords":["random","csprng","pseudorandom"],"homepage":"","version":"v1.4.2","version_normalized":"1.4.2.0","license":["MIT"],"authors":[{"name":"Paragon Initiative Enterprises","email":"security@paragonie.com","homepage":"https:\/\/paragonie.com"}],"source":{"type":"git","url":"https:\/\/github.com\/paragonie\/random_compat.git","reference":"965cdeb01fdcab7653253aa81d40441d261f1e66"},"dist":{"type":"zip","url":"https:\/\/api.github.com\/repos\/paragonie\/random_compat\/zipball\/965cdeb01fdcab7653253aa81d40441d261f1e66","reference":"965cdeb01fdcab7653253aa81d40441d261f1e66","shasum":""},"type":"library","time":"2017-03-13T16:22:52+00:00","autoload":{"files":["lib\/random.php"]},"require":{"php":">=5.2.0"},"require-dev":{"phpunit\/phpunit":"4.*|5.*"},"suggest":{"ext-libsodium":"Provides a modern crypto API that can be used to generate random bytes."},"uid":1279871},"v1.x-dev":{"name":"paragonie\/random_compat","description":"PHP 5.x polyfill for random_bytes() and random_int() from PHP 7","keywords":["random","csprng","pseudorandom"],"homepage":"","version":"v1.x-dev","version_normalized":"1.9999999.9999999.9999999-dev","license":["MIT"],"authors":[{"name":"Paragon Initiative Enterprises","email":"security@paragonie.com","homepage":"https:\/\/paragonie.com"}],"source":{"type":"git","url":"https:\/\/github.com\/paragonie\/random_compat.git","reference":"965cdeb01fdcab7653253aa81d40441d261f1e66"},"dist":{"type":"zip","url":"https:\/\/api.github.com\/repos\/paragonie\/random_compat\/zipball\/965cdeb01fdcab7653253aa81d40441d261f1e66","reference":"965cdeb01fdcab7653253aa81d40441d261f1e66","shasum":""},"type":"library","time":"2017-03-13T16:22:52+00:00","autoload":{"files":["lib\/random.php"]},"require":{"php":">=5.2.0"},"require-dev":{"phpunit\/phpunit":"4.*|5.*"},"suggest":{"ext-libsodium":"Provides a modern crypto API that can be used to generate random bytes."},"uid":740176},"v2.0.0":{"name":"paragonie\/random_compat","description":"PHP 5.x polyfill for random_bytes() and random_int() from PHP 7","keywords":["random","csprng","pseudorandom"],"homepage":"","version":"v2.0.0","version_normalized":"2.0.0.0","license":["MIT"],"authors":[{"name":"Paragon Initiative Enterprises","email":"security@paragonie.com","homepage":"https:\/\/paragonie.com"}],"source":{"type":"git","url":"https:\/\/github.com\/paragonie\/random_compat.git","reference":"321a59fed499a5624b0e40cb5c824ae6116e0c18"},"dist":{"type":"zip","url":"https:\/\/api.github.com\/repos\/paragonie\/random_compat\/zipball\/321a59fed499a5624b0e40cb5c824ae6116e0c18","reference":"321a59fed499a5624b0e40cb5c824ae6116e0c18","shasum":""},"type":"library","time":"2016-03-18T17:17:33+00:00","autoload":{"files":["lib\/random.php"]},"require":{"php":">=5.2.0"},"require-dev":{"phpunit\/phpunit":"4.*|5.*"},"suggest":{"ext-libsodium":"Provides a modern crypto API that can be used to generate random bytes."},"uid":743139},"v2.0.1":{"name":"paragonie\/random_compat","description":"PHP 5.x polyfill for random_bytes() and random_int() from PHP 7","keywords":["random","csprng","pseudorandom"],"homepage":"","version":"v2.0.1","version_normalized":"2.0.1.0","license":["MIT"],"authors":[{"name":"Paragon Initiative Enterprises","email":"security@paragonie.com","homepage":"https:\/\/paragonie.com"}],"source":{"type":"git","url":"https:\/\/github.com\/paragonie\/random_compat.git","reference":"76e90f747b769b347fe584e8015a014549107d35"},"dist":{"type":"zip","url":"https:\/\/api.github.com\/repos\/paragonie\/random_compat\/zipball\/76e90f747b769b347fe584e8015a014549107d35","reference":"76e90f747b769b347fe584e8015a014549107d35","shasum":""},"type":"library","time":"2016-03-18T20:36:13+00:00","autoload":{"files":["lib\/random.php"]},"require":{"php":">=5.2.0"},"require-dev":{"phpunit\/phpunit":"4.*|5.*"},"suggest":{"ext-libsodium":"Provides a modern crypto API that can be used to generate random bytes."},"uid":743335},"v2.0.10":{"name":"paragonie\/random_compat","description":"PHP 5.x polyfill for random_bytes() and random_int() from PHP 7","keywords":["random","csprng","pseudorandom"],"homepage":"","version":"v2.0.10","version_normalized":"2.0.10.0","license":["MIT"],"authors":[{"name":"Paragon Initiative Enterprises","email":"security@paragonie.com","homepage":"https:\/\/paragonie.com"}],"source":{"type":"git","url":"https:\/\/github.com\/paragonie\/random_compat.git","reference":"634bae8e911eefa89c1abfbf1b66da679ac8f54d"},"dist":{"type":"zip","url":"https:\/\/api.github.com\/repos\/paragonie\/random_compat\/zipball\/634bae8e911eefa89c1abfbf1b66da679ac8f54d","reference":"634bae8e911eefa89c1abfbf1b66da679ac8f54d","shasum":""},"type":"library","time":"2017-03-13T16:27:32+00:00","autoload":{"files":["lib\/random.php"]},"require":{"php":">=5.2.0"},"require-dev":{"phpunit\/phpunit":"4.*|5.*"},"suggest":{"ext-libsodium":"Provides a modern crypto API that can be used to generate random bytes."},"uid":1279878},"v2.0.2":{"name":"paragonie\/random_compat","description":"PHP 5.x polyfill for random_bytes() and random_int() from PHP 7","keywords":["random","csprng","pseudorandom"],"homepage":"","version":"v2.0.2","version_normalized":"2.0.2.0","license":["MIT"],"authors":[{"name":"Paragon Initiative Enterprises","email":"security@paragonie.com","homepage":"https:\/\/paragonie.com"}],"source":{"type":"git","url":"https:\/\/github.com\/paragonie\/random_compat.git","reference":"088c04e2f261c33bed6ca5245491cfca69195ccf"},"dist":{"type":"zip","url":"https:\/\/api.github.com\/repos\/paragonie\/random_compat\/zipball\/088c04e2f261c33bed6ca5245491cfca69195ccf","reference":"088c04e2f261c33bed6ca5245491cfca69195ccf","shasum":""},"type":"library","time":"2016-04-03T06:00:07+00:00","autoload":{"files":["lib\/random.php"]},"require":{"php":">=5.2.0"},"require-dev":{"phpunit\/phpunit":"4.*|5.*"},"suggest":{"ext-libsodium":"Provides a modern crypto API that can be used to generate random bytes."},"uid":762205},"v2.0.3":{"name":"paragonie\/random_compat","description":"PHP 5.x polyfill for random_bytes() and random_int() from PHP 7","keywords":["random","csprng","pseudorandom"],"homepage":"","version":"v2.0.3","version_normalized":"2.0.3.0","license":["MIT"],"authors":[{"name":"Paragon Initiative Enterprises","email":"security@paragonie.com","homepage":"https:\/\/paragonie.com"}],"source":{"type":"git","url":"https:\/\/github.com\/paragonie\/random_compat.git","reference":"c0125896dbb151380ab47e96c621741e79623beb"},"dist":{"type":"zip","url":"https:\/\/api.github.com\/repos\/paragonie\/random_compat\/zipball\/c0125896dbb151380ab47e96c621741e79623beb","reference":"c0125896dbb151380ab47e96c621741e79623beb","shasum":""},"type":"library","time":"2016-10-17T15:23:22+00:00","autoload":{"files":["lib\/random.php"]},"require":{"php":">=5.2.0"},"require-dev":{"phpunit\/phpunit":"4.*|5.*"},"suggest":{"ext-libsodium":"Provides a modern crypto API that can be used to generate random bytes."},"uid":1040592},"v2.0.4":{"name":"paragonie\/random_compat","description":"PHP 5.x polyfill for random_bytes() and random_int() from PHP 7","keywords":["random","csprng","pseudorandom"],"homepage":"","version":"v2.0.4","version_normalized":"2.0.4.0","license":["MIT"],"authors":[{"name":"Paragon Initiative Enterprises","email":"security@paragonie.com","homepage":"https:\/\/paragonie.com"}],"source":{"type":"git","url":"https:\/\/github.com\/paragonie\/random_compat.git","reference":"a9b97968bcde1c4de2a5ec6cbd06a0f6c919b46e"},"dist":{"type":"zip","url":"https:\/\/api.github.com\/repos\/paragonie\/random_compat\/zipball\/a9b97968bcde1c4de2a5ec6cbd06a0f6c919b46e","reference":"a9b97968bcde1c4de2a5ec6cbd06a0f6c919b46e","shasum":""},"type":"library","time":"2016-11-07T23:38:38+00:00","autoload":{"files":["lib\/random.php"]},"require":{"php":">=5.2.0"},"require-dev":{"phpunit\/phpunit":"4.*|5.*"},"suggest":{"ext-libsodium":"Provides a modern crypto API that can be used to generate random bytes."},"uid":1071465},"v2.0.5":{"name":"paragonie\/random_compat","description":"PHP 5.x polyfill for random_bytes() and random_int() from PHP 7","keywords":["random","csprng","pseudorandom"],"homepage":"","version":"v2.0.5","version_normalized":"2.0.5.0","license":["MIT"],"authors":[{"name":"Paragon Initiative Enterprises","email":"security@paragonie.com","homepage":"https:\/\/paragonie.com"}],"source":{"type":"git","url":"https:\/\/github.com\/paragonie\/random_compat.git","reference":"411e7526015651c64887eb0bfe5d56f528a7c7e1"},"dist":{"type":"zip","url":"https:\/\/api.github.com\/repos\/paragonie\/random_compat\/zipball\/411e7526015651c64887eb0bfe5d56f528a7c7e1","reference":"411e7526015651c64887eb0bfe5d56f528a7c7e1","shasum":""},"type":"library","time":"2017-02-27T16:48:24+00:00","autoload":{"files":["lib\/random.php"]},"require":{"php":">=5.2.0"},"require-dev":{"phpunit\/phpunit":"4.*|5.*"},"suggest":{"ext-libsodium":"Provides a modern crypto API that can be used to generate random bytes."},"uid":1255970},"v2.0.6":{"name":"paragonie\/random_compat","description":"PHP 5.x polyfill for random_bytes() and random_int() from PHP 7","keywords":["random","csprng","pseudorandom"],"homepage":"","version":"v2.0.6","version_normalized":"2.0.6.0","license":["MIT"],"authors":[{"name":"Paragon Initiative Enterprises","email":"security@paragonie.com","homepage":"https:\/\/paragonie.com"}],"source":{"type":"git","url":"https:\/\/github.com\/paragonie\/random_compat.git","reference":"2bccb674209ed6f08412637b0c49456566c135d4"},"dist":{"type":"zip","url":"https:\/\/api.github.com\/repos\/paragonie\/random_compat\/zipball\/2bccb674209ed6f08412637b0c49456566c135d4","reference":"2bccb674209ed6f08412637b0c49456566c135d4","shasum":""},"type":"library","time":"2017-02-27T17:05:44+00:00","autoload":{"files":["lib\/random.php"]},"require":{"php":">=5.2.0"},"require-dev":{"phpunit\/phpunit":"4.*|5.*"},"suggest":{"ext-libsodium":"Provides a modern crypto API that can be used to generate random bytes."},"uid":1255989},"v2.0.7":{"name":"paragonie\/random_compat","description":"PHP 5.x polyfill for random_bytes() and random_int() from PHP 7","keywords":["random","csprng","pseudorandom"],"homepage":"","version":"v2.0.7","version_normalized":"2.0.7.0","license":["MIT"],"authors":[{"name":"Paragon Initiative Enterprises","email":"security@paragonie.com","homepage":"https:\/\/paragonie.com"}],"source":{"type":"git","url":"https:\/\/github.com\/paragonie\/random_compat.git","reference":"b5ea1ef3d8ff10c307ba8c5945c2f134e503278f"},"dist":{"type":"zip","url":"https:\/\/api.github.com\/repos\/paragonie\/random_compat\/zipball\/b5ea1ef3d8ff10c307ba8c5945c2f134e503278f","reference":"b5ea1ef3d8ff10c307ba8c5945c2f134e503278f","shasum":""},"type":"library","time":"2017-02-27T17:11:23+00:00","autoload":{"files":["lib\/random.php"]},"require":{"php":">=5.2.0"},"require-dev":{"phpunit\/phpunit":"4.*|5.*"},"suggest":{"ext-libsodium":"Provides a modern crypto API that can be used to generate random bytes."},"uid":1255997},"v2.0.8":{"name":"paragonie\/random_compat","description":"PHP 5.x polyfill for random_bytes() and random_int() from PHP 7","keywords":["random","csprng","pseudorandom"],"homepage":"","version":"v2.0.8","version_normalized":"2.0.8.0","license":["MIT"],"authors":[{"name":"Paragon Initiative Enterprises","email":"security@paragonie.com","homepage":"https:\/\/paragonie.com"}],"source":{"type":"git","url":"https:\/\/github.com\/paragonie\/random_compat.git","reference":"eeb4c23c7b84c1dc87db3c92856bd57ff1844ca4"},"dist":{"type":"zip","url":"https:\/\/api.github.com\/repos\/paragonie\/random_compat\/zipball\/eeb4c23c7b84c1dc87db3c92856bd57ff1844ca4","reference":"eeb4c23c7b84c1dc87db3c92856bd57ff1844ca4","shasum":""},"type":"library","time":"2017-03-03T14:11:40+00:00","autoload":{"files":["lib\/random.php"]},"require":{"php":">=5.2.0"},"require-dev":{"phpunit\/phpunit":"4.*|5.*"},"suggest":{"ext-libsodium":"Provides a modern crypto API that can be used to generate random bytes."},"uid":1263134},"v2.0.9":{"name":"paragonie\/random_compat","description":"PHP 5.x polyfill for random_bytes() and random_int() from PHP 7","keywords":["random","csprng","pseudorandom"],"homepage":"","version":"v2.0.9","version_normalized":"2.0.9.0","license":["MIT"],"authors":[{"name":"Paragon Initiative Enterprises","email":"security@paragonie.com","homepage":"https:\/\/paragonie.com"}],"source":{"type":"git","url":"https:\/\/github.com\/paragonie\/random_compat.git","reference":"6968531206671f94377b01dc7888d5d1b858a01b"},"dist":{"type":"zip","url":"https:\/\/api.github.com\/repos\/paragonie\/random_compat\/zipball\/6968531206671f94377b01dc7888d5d1b858a01b","reference":"6968531206671f94377b01dc7888d5d1b858a01b","shasum":""},"type":"library","time":"2017-03-03T20:43:42+00:00","autoload":{"files":["lib\/random.php"]},"require":{"php":">=5.2.0"},"require-dev":{"phpunit\/phpunit":"4.*|5.*"},"suggest":{"ext-libsodium":"Provides a modern crypto API that can be used to generate random bytes."},"uid":1263765}}}}