{"packages":{"shopware\/shopware":{"dev-experimental\/webtestcase":{"name":"shopware\/shopware","description":"Shopware is the next generation of open source e-commerce software made in Germany","keywords":["shop","shopware"],"homepage":"http:\/\/www.shopware.com","version":"dev-experimental\/webtestcase","version_normalized":"dev-experimental\/webtestcase","license":["AGPL-3.0","proprietary"],"authors":[],"source":{"type":"git","url":"https:\/\/github.com\/shopware\/shopware.git","reference":"9bdc0db99644553cf93472c5e5a89e0135917224"},"dist":{"type":"zip","url":"https:\/\/api.github.com\/repos\/shopware\/shopware\/zipball\/9bdc0db99644553cf93472c5e5a89e0135917224","reference":"9bdc0db99644553cf93472c5e5a89e0135917224","shasum":""},"type":"project","time":"2016-04-04T19:43:54+00:00","autoload":{"psr-0":{"Doctrine\\Common\\Proxy\\AbstractProxyFactory":"engine\/Library\/","Doctrine\\ORM\\Persisters\\Entity\\BasicEntityPersister":"engine\/Library\/","Shopware":"engine\/","Enlight":"engine\/Library\/","Zend":"engine\/Library\/","JSMin":"engine\/Library\/minify\/"},"classmap":["engine\/Shopware\/Core\/"],"files":["engine\/Shopware\/Application.php"]},"include-path":["engine\/Library\/"],"require":{"beberlei\/assert":"2.4.0","doctrine\/cache":"1.6.0","doctrine\/common":"2.5.1","doctrine\/dbal":"2.5.1","doctrine\/orm":"2.5.1","egulias\/email-validator":"1.2.9","elasticsearch\/elasticsearch":"2.1.5","ext-curl":"*","ext-gd":"*","ext-mbstring":"*","guzzlehttp\/guzzle":"5.1.0","league\/flysystem":"1.0.18","monolog\/monolog":"1.17.2","ongr\/elasticsearch-dsl":"v2.0.0","oyejorge\/less.php":"1.7.0.5","paragonie\/random_compat":"1.1.5","php":">=5.5.9","symfony\/config":"2.8.0","symfony\/console":"2.8.0","symfony\/dependency-injection":"2.8.0","symfony\/filesystem":"2.8.0","symfony\/finder":"2.8.0","symfony\/form":"2.8.0","symfony\/http-kernel":"2.8.0","symfony\/polyfill-php56":"1.0.0","symfony\/validator":"2.8.0","zendframework\/zend-escaper":"2.5.1"},"require-dev":{"behat\/behat":"~3.1","behat\/mink":"~1.7","behat\/mink-extension":"~2.1","behat\/mink-goutte-driver":"~1.2","behat\/mink-selenium2-driver":"~1.3","phpunit\/dbunit":"~1.3","phpunit\/phpunit":"~4.5","sensiolabs\/behat-page-object-extension":"~2.0.0-rc1","symfony\/dom-crawler":"~2.8"},"replace":{"symfony\/polyfill-php55":"~1.0","symfony\/polyfill-mbstring":"~1.0"},"uid":763991}},"symfony\/polyfill":{"dev-master":{"name":"symfony\/polyfill","description":"Symfony polyfills backporting features to lower PHP versions","keywords":["compatibility","compat","polyfill","shim"],"homepage":"https:\/\/symfony.com","version":"dev-master","version_normalized":"9999999-dev","license":["MIT"],"authors":[{"name":"Nicolas Grekas","email":"p@tchwork.com"},{"name":"Symfony Community","homepage":"https:\/\/symfony.com\/contributors"}],"source":{"type":"git","url":"https:\/\/github.com\/symfony\/polyfill.git","reference":"76301af3721357092e000a6df345fda67a6f4a85"},"dist":{"type":"zip","url":"https:\/\/api.github.com\/repos\/symfony\/polyfill\/zipball\/76301af3721357092e000a6df345fda67a6f4a85","reference":"76301af3721357092e000a6df345fda67a6f4a85","shasum":""},"type":"library","time":"2017-08-16T07:36:24+00:00","autoload":{"psr-4":{"Symfony\\Polyfill\\":"src\/"},"files":["src\/Apcu\/bootstrap.php","src\/Php54\/bootstrap.php","src\/Php55\/bootstrap.php","src\/Php56\/bootstrap.php","src\/Php70\/bootstrap.php","src\/Php71\/bootstrap.php","src\/Php72\/bootstrap.php","src\/Iconv\/bootstrap.php","src\/Intl\/Grapheme\/bootstrap.php","src\/Intl\/Icu\/bootstrap.php","src\/Intl\/Normalizer\/bootstrap.php","src\/Mbstring\/bootstrap.php"],"classmap":["src\/Intl\/Normalizer\/Resources\/stubs","src\/Php70\/Resources\/stubs","src\/Php54\/Resources\/stubs"]},"extra":{"branch-alias":{"dev-master":"1.5-dev"}},"require":{"php":">=5.3.3","ircmaxell\/password-compat":"~1.0","paragonie\/random_compat":"~1.0|~2.0","symfony\/intl":"~2.3|~3.0|~4.0"},"require-dev":{"symfony\/phpunit-bridge":"~3.2"},"replace":{"symfony\/polyfill-php54":"self.version","symfony\/polyfill-php55":"self.version","symfony\/polyfill-php56":"self.version","symfony\/polyfill-php70":"self.version","symfony\/polyfill-iconv":"self.version","symfony\/polyfill-intl-grapheme":"self.version","symfony\/polyfill-intl-icu":"self.version","symfony\/polyfill-intl-normalizer":"self.version","symfony\/polyfill-mbstring":"self.version","symfony\/polyfill-util":"self.version","symfony\/polyfill-xml":"self.version","symfony\/polyfill-apcu":"self.version","symfony\/polyfill-php71":"self.version","symfony\/polyfill-php72":"self.version"},"uid":573980},"v1.0.0":{"name":"symfony\/polyfill","description":"Symfony polyfills backporting features to lower PHP versions","keywords":["compatibility","compat","polyfill","shim"],"homepage":"https:\/\/symfony.com","version":"v1.0.0","version_normalized":"1.0.0.0","license":["MIT"],"authors":[{"name":"Nicolas Grekas","email":"p@tchwork.com"},{"name":"Symfony Community","homepage":"https:\/\/symfony.com\/contributors"}],"source":{"type":"git","url":"https:\/\/github.com\/symfony\/polyfill.git","reference":"fef21adc706d3bb8f31d37c503ded2160c76c64a"},"dist":{"type":"zip","url":"https:\/\/api.github.com\/repos\/symfony\/polyfill\/zipball\/fef21adc706d3bb8f31d37c503ded2160c76c64a","reference":"fef21adc706d3bb8f31d37c503ded2160c76c64a","shasum":""},"type":"library","time":"2015-11-04T20:29:00+00:00","autoload":{"psr-4":{"Symfony\\Polyfill\\":"src\/"},"files":["src\/Php54\/bootstrap.php","src\/Php55\/bootstrap.php","src\/Php56\/bootstrap.php","src\/Php70\/bootstrap.php","src\/Iconv\/bootstrap.php","src\/Intl\/Grapheme\/bootstrap.php","src\/Intl\/Icu\/bootstrap.php","src\/Intl\/Normalizer\/bootstrap.php","src\/Mbstring\/bootstrap.php","src\/Xml\/bootstrap.php"],"classmap":["src\/Intl\/Normalizer\/Resources\/stubs","src\/Php70\/Resources\/stubs","src\/Php54\/Resources\/stubs"]},"extra":{"branch-alias":{"dev-master":"1.0-dev"}},"require":{"php":">=5.3.3","ircmaxell\/password-compat":"~1.0","paragonie\/random_compat":"~1.0","symfony\/intl":"~2.3|~3.0"},"replace":{"symfony\/polyfill-php54":"self.version","symfony\/polyfill-php55":"self.version","symfony\/polyfill-php56":"self.version","symfony\/polyfill-php70":"self.version","symfony\/polyfill-iconv":"self.version","symfony\/polyfill-intl-grapheme":"self.version","symfony\/polyfill-intl-icu":"self.version","symfony\/polyfill-intl-normalizer":"self.version","symfony\/polyfill-mbstring":"self.version","symfony\/polyfill-util":"self.version","symfony\/polyfill-xml":"self.version"},"uid":573979},"v1.0.1":{"name":"symfony\/polyfill","description":"Symfony polyfills backporting features to lower PHP versions","keywords":["compatibility","compat","polyfill","shim"],"homepage":"https:\/\/symfony.com","version":"v1.0.1","version_normalized":"1.0.1.0","license":["MIT"],"authors":[{"name":"Nicolas Grekas","email":"p@tchwork.com"},{"name":"Symfony Community","homepage":"https:\/\/symfony.com\/contributors"}],"source":{"type":"git","url":"https:\/\/github.com\/symfony\/polyfill.git","reference":"dd9db1dc4013821a63f7afbd8340dd57939fe674"},"dist":{"type":"zip","url":"https:\/\/api.github.com\/repos\/symfony\/polyfill\/zipball\/dd9db1dc4013821a63f7afbd8340dd57939fe674","reference":"dd9db1dc4013821a63f7afbd8340dd57939fe674","shasum":""},"type":"library","time":"2015-12-18T15:10:25+00:00","autoload":{"psr-4":{"Symfony\\Polyfill\\":"src\/"},"files":["src\/Php54\/bootstrap.php","src\/Php55\/bootstrap.php","src\/Php56\/bootstrap.php","src\/Php70\/bootstrap.php","src\/Iconv\/bootstrap.php","src\/Intl\/Grapheme\/bootstrap.php","src\/Intl\/Icu\/bootstrap.php","src\/Intl\/Normalizer\/bootstrap.php","src\/Mbstring\/bootstrap.php","src\/Xml\/bootstrap.php"],"classmap":["src\/Intl\/Normalizer\/Resources\/stubs","src\/Php70\/Resources\/stubs","src\/Php54\/Resources\/stubs"]},"extra":{"branch-alias":{"dev-master":"1.0-dev"}},"require":{"php":">=5.3.3","ircmaxell\/password-compat":"~1.0","paragonie\/random_compat":"~1.0","symfony\/intl":"~2.3|~3.0"},"replace":{"symfony\/polyfill-php54":"self.version","symfony\/polyfill-php55":"self.version","symfony\/polyfill-php56":"self.version","symfony\/polyfill-php70":"self.version","symfony\/polyfill-iconv":"self.version","symfony\/polyfill-intl-grapheme":"self.version","symfony\/polyfill-intl-icu":"self.version","symfony\/polyfill-intl-normalizer":"self.version","symfony\/polyfill-mbstring":"self.version","symfony\/polyfill-util":"self.version","symfony\/polyfill-xml":"self.version"},"uid":635243},"v1.1.0":{"name":"symfony\/polyfill","description":"Symfony polyfills backporting features to lower PHP versions","keywords":["compatibility","compat","polyfill","shim"],"homepage":"https:\/\/symfony.com","version":"v1.1.0","version_normalized":"1.1.0.0","license":["MIT"],"authors":[{"name":"Nicolas Grekas","email":"p@tchwork.com"},{"name":"Symfony Community","homepage":"https:\/\/symfony.com\/contributors"}],"source":{"type":"git","url":"https:\/\/github.com\/symfony\/polyfill.git","reference":"ceffa85c57f023a816f5c511ad35081e7c67d7cd"},"dist":{"type":"zip","url":"https:\/\/api.github.com\/repos\/symfony\/polyfill\/zipball\/ceffa85c57f023a816f5c511ad35081e7c67d7cd","reference":"ceffa85c57f023a816f5c511ad35081e7c67d7cd","shasum":""},"type":"library","time":"2016-01-25T08:44:42+00:00","autoload":{"psr-4":{"Symfony\\Polyfill\\":"src\/"},"files":["src\/Apcu\/bootstrap.php","src\/Php54\/bootstrap.php","src\/Php55\/bootstrap.php","src\/Php56\/bootstrap.php","src\/Php70\/bootstrap.php","src\/Iconv\/bootstrap.php","src\/Intl\/Grapheme\/bootstrap.php","src\/Intl\/Icu\/bootstrap.php","src\/Intl\/Normalizer\/bootstrap.php","src\/Mbstring\/bootstrap.php","src\/Xml\/bootstrap.php"],"classmap":["src\/Apcu\/Resources\/stubs","src\/Intl\/Normalizer\/Resources\/stubs","src\/Php70\/Resources\/stubs","src\/Php54\/Resources\/stubs"]},"extra":{"branch-alias":{"dev-master":"1.1-dev"}},"require":{"php":">=5.3.3","ircmaxell\/password-compat":"~1.0","paragonie\/random_compat":"~1.0","symfony\/intl":"~2.3|~3.0"},"replace":{"symfony\/polyfill-apcu":"self.version","symfony\/polyfill-php54":"self.version","symfony\/polyfill-php55":"self.version","symfony\/polyfill-php56":"self.version","symfony\/polyfill-php70":"self.version","symfony\/polyfill-iconv":"self.version","symfony\/polyfill-intl-grapheme":"self.version","symfony\/polyfill-intl-icu":"self.version","symfony\/polyfill-intl-normalizer":"self.version","symfony\/polyfill-mbstring":"self.version","symfony\/polyfill-util":"self.version","symfony\/polyfill-xml":"self.version"},"uid":670768},"v1.1.1":{"name":"symfony\/polyfill","description":"Symfony polyfills backporting features to lower PHP versions","keywords":["compatibility","compat","polyfill","shim"],"homepage":"https:\/\/symfony.com","version":"v1.1.1","version_normalized":"1.1.1.0","license":["MIT"],"authors":[{"name":"Nicolas Grekas","email":"p@tchwork.com"},{"name":"Symfony Community","homepage":"https:\/\/symfony.com\/contributors"}],"source":{"type":"git","url":"https:\/\/github.com\/symfony\/polyfill.git","reference":"3dc21aeff3e1f8cb708421ed02cf1a8901d7b535"},"dist":{"type":"zip","url":"https:\/\/api.github.com\/repos\/symfony\/polyfill\/zipball\/3dc21aeff3e1f8cb708421ed02cf1a8901d7b535","reference":"3dc21aeff3e1f8cb708421ed02cf1a8901d7b535","shasum":""},"type":"library","time":"2016-03-03T16:58:13+00:00","autoload":{"psr-4":{"Symfony\\Polyfill\\":"src\/"},"files":["src\/Apcu\/bootstrap.php","src\/Php54\/bootstrap.php","src\/Php55\/bootstrap.php","src\/Php56\/bootstrap.php","src\/Php70\/bootstrap.php","src\/Iconv\/bootstrap.php","src\/Intl\/Grapheme\/bootstrap.php","src\/Intl\/Icu\/bootstrap.php","src\/Intl\/Normalizer\/bootstrap.php","src\/Mbstring\/bootstrap.php","src\/Xml\/bootstrap.php"],"classmap":["src\/Intl\/Normalizer\/Resources\/stubs","src\/Php70\/Resources\/stubs","src\/Php54\/Resources\/stubs"]},"extra":{"branch-alias":{"dev-master":"1.1-dev"}},"require":{"php":">=5.3.3","ircmaxell\/password-compat":"~1.0","paragonie\/random_compat":"~1.0","symfony\/intl":"~2.3|~3.0"},"replace":{"symfony\/polyfill-apcu":"self.version","symfony\/polyfill-php54":"self.version","symfony\/polyfill-php55":"self.version","symfony\/polyfill-php56":"self.version","symfony\/polyfill-php70":"self.version","symfony\/polyfill-iconv":"self.version","symfony\/polyfill-intl-grapheme":"self.version","symfony\/polyfill-intl-icu":"self.version","symfony\/polyfill-intl-normalizer":"self.version","symfony\/polyfill-mbstring":"self.version","symfony\/polyfill-util":"self.version","symfony\/polyfill-xml":"self.version"},"uid":730456},"v1.2.0":{"name":"symfony\/polyfill","description":"Symfony polyfills backporting features to lower PHP versions","keywords":["compatibility","compat","polyfill","shim"],"homepage":"https:\/\/symfony.com","version":"v1.2.0","version_normalized":"1.2.0.0","license":["MIT"],"authors":[{"name":"Nicolas Grekas","email":"p@tchwork.com"},{"name":"Symfony Community","homepage":"https:\/\/symfony.com\/contributors"}],"source":{"type":"git","url":"https:\/\/github.com\/symfony\/polyfill.git","reference":"ee2c9c2576fdd4a42b024260a1906a9888770c34"},"dist":{"type":"zip","url":"https:\/\/api.github.com\/repos\/symfony\/polyfill\/zipball\/ee2c9c2576fdd4a42b024260a1906a9888770c34","reference":"ee2c9c2576fdd4a42b024260a1906a9888770c34","shasum":""},"type":"library","time":"2016-05-18T14:27:53+00:00","autoload":{"psr-4":{"Symfony\\Polyfill\\":"src\/"},"files":["src\/Apcu\/bootstrap.php","src\/Php54\/bootstrap.php","src\/Php55\/bootstrap.php","src\/Php56\/bootstrap.php","src\/Php70\/bootstrap.php","src\/Iconv\/bootstrap.php","src\/Intl\/Grapheme\/bootstrap.php","src\/Intl\/Icu\/bootstrap.php","src\/Intl\/Normalizer\/bootstrap.php","src\/Mbstring\/bootstrap.php","src\/Xml\/bootstrap.php"],"classmap":["src\/Intl\/Normalizer\/Resources\/stubs","src\/Php70\/Resources\/stubs","src\/Php54\/Resources\/stubs"]},"extra":{"branch-alias":{"dev-master":"1.2-dev"}},"require":{"php":">=5.3.3","ircmaxell\/password-compat":"~1.0","paragonie\/random_compat":"~1.0|~2.0","symfony\/intl":"~2.3|~3.0"},"replace":{"symfony\/polyfill-apcu":"self.version","symfony\/polyfill-php54":"self.version","symfony\/polyfill-php55":"self.version","symfony\/polyfill-php56":"self.version","symfony\/polyfill-php70":"self.version","symfony\/polyfill-iconv":"self.version","symfony\/polyfill-intl-grapheme":"self.version","symfony\/polyfill-intl-icu":"self.version","symfony\/polyfill-intl-normalizer":"self.version","symfony\/polyfill-mbstring":"self.version","symfony\/polyfill-util":"self.version","symfony\/polyfill-xml":"self.version"},"uid":826272},"v1.3.0":{"name":"symfony\/polyfill","description":"Symfony polyfills backporting features to lower PHP versions","keywords":["compatibility","compat","polyfill","shim"],"homepage":"https:\/\/symfony.com","version":"v1.3.0","version_normalized":"1.3.0.0","license":["MIT"],"authors":[{"name":"Nicolas Grekas","email":"p@tchwork.com"},{"name":"Symfony Community","homepage":"https:\/\/symfony.com\/contributors"}],"source":{"type":"git","url":"https:\/\/github.com\/symfony\/polyfill.git","reference":"385d033a8e1d8778446d699ecbd886480716eba7"},"dist":{"type":"zip","url":"https:\/\/api.github.com\/repos\/symfony\/polyfill\/zipball\/385d033a8e1d8778446d699ecbd886480716eba7","reference":"385d033a8e1d8778446d699ecbd886480716eba7","shasum":""},"type":"library","time":"2016-11-14T01:15:23+00:00","autoload":{"psr-4":{"Symfony\\Polyfill\\":"src\/"},"files":["src\/Apcu\/bootstrap.php","src\/Php54\/bootstrap.php","src\/Php55\/bootstrap.php","src\/Php56\/bootstrap.php","src\/Php70\/bootstrap.php","src\/Php71\/bootstrap.php","src\/Iconv\/bootstrap.php","src\/Intl\/Grapheme\/bootstrap.php","src\/Intl\/Icu\/bootstrap.php","src\/Intl\/Normalizer\/bootstrap.php","src\/Mbstring\/bootstrap.php","src\/Xml\/bootstrap.php"],"classmap":["src\/Intl\/Normalizer\/Resources\/stubs","src\/Php70\/Resources\/stubs","src\/Php54\/Resources\/stubs"]},"extra":{"branch-alias":{"dev-master":"1.3-dev"}},"require":{"php":">=5.3.3","ircmaxell\/password-compat":"~1.0","paragonie\/random_compat":"~1.0|~2.0","symfony\/intl":"~2.3|~3.0"},"replace":{"symfony\/polyfill-apcu":"self.version","symfony\/polyfill-php54":"self.version","symfony\/polyfill-php55":"self.version","symfony\/polyfill-php56":"self.version","symfony\/polyfill-php70":"self.version","symfony\/polyfill-php71":"self.version","symfony\/polyfill-iconv":"self.version","symfony\/polyfill-intl-grapheme":"self.version","symfony\/polyfill-intl-icu":"self.version","symfony\/polyfill-intl-normalizer":"self.version","symfony\/polyfill-mbstring":"self.version","symfony\/polyfill-util":"self.version","symfony\/polyfill-xml":"self.version"},"uid":1079312},"v1.3.1":{"name":"symfony\/polyfill","description":"Symfony polyfills backporting features to lower PHP versions","keywords":["compatibility","compat","polyfill","shim"],"homepage":"https:\/\/symfony.com","version":"v1.3.1","version_normalized":"1.3.1.0","license":["MIT"],"authors":[{"name":"Nicolas Grekas","email":"p@tchwork.com"},{"name":"Symfony Community","homepage":"https:\/\/symfony.com\/contributors"}],"source":{"type":"git","url":"https:\/\/github.com\/symfony\/polyfill.git","reference":"59052c86fa8c36097b640fc6e5c7461f46ac71d3"},"dist":{"type":"zip","url":"https:\/\/api.github.com\/repos\/symfony\/polyfill\/zipball\/59052c86fa8c36097b640fc6e5c7461f46ac71d3","reference":"59052c86fa8c36097b640fc6e5c7461f46ac71d3","shasum":""},"type":"library","time":"2017-06-09T14:08:27+00:00","autoload":{"psr-4":{"Symfony\\Polyfill\\":"src\/"},"files":["src\/Apcu\/bootstrap.php","src\/Php54\/bootstrap.php","src\/Php55\/bootstrap.php","src\/Php56\/bootstrap.php","src\/Php70\/bootstrap.php","src\/Php71\/bootstrap.php","src\/Iconv\/bootstrap.php","src\/Intl\/Grapheme\/bootstrap.php","src\/Intl\/Icu\/bootstrap.php","src\/Intl\/Normalizer\/bootstrap.php","src\/Mbstring\/bootstrap.php","src\/Xml\/bootstrap.php"],"classmap":["src\/Intl\/Normalizer\/Resources\/stubs","src\/Php70\/Resources\/stubs","src\/Php54\/Resources\/stubs"]},"extra":{"branch-alias":{"dev-master":"1.3-dev"}},"require":{"php":">=5.3.3","ircmaxell\/password-compat":"~1.0","paragonie\/random_compat":"~1.0|~2.0","symfony\/intl":"~2.3|~3.0|~4.0"},"require-dev":{"symfony\/phpunit-bridge":"~3.2"},"replace":{"symfony\/polyfill-apcu":"self.version","symfony\/polyfill-php54":"self.version","symfony\/polyfill-php55":"self.version","symfony\/polyfill-php56":"self.version","symfony\/polyfill-php70":"self.version","symfony\/polyfill-php71":"self.version","symfony\/polyfill-iconv":"self.version","symfony\/polyfill-intl-grapheme":"self.version","symfony\/polyfill-intl-icu":"self.version","symfony\/polyfill-intl-normalizer":"self.version","symfony\/polyfill-mbstring":"self.version","symfony\/polyfill-util":"self.version","symfony\/polyfill-xml":"self.version"},"uid":1436913},"v1.4.0":{"name":"symfony\/polyfill","description":"Symfony polyfills backporting features to lower PHP versions","keywords":["compatibility","compat","polyfill","shim"],"homepage":"https:\/\/symfony.com","version":"v1.4.0","version_normalized":"1.4.0.0","license":["MIT"],"authors":[{"name":"Nicolas Grekas","email":"p@tchwork.com"},{"name":"Symfony Community","homepage":"https:\/\/symfony.com\/contributors"}],"source":{"type":"git","url":"https:\/\/github.com\/symfony\/polyfill.git","reference":"a80c6de45ebd2a041415ba17879ff7309ead51f6"},"dist":{"type":"zip","url":"https:\/\/api.github.com\/repos\/symfony\/polyfill\/zipball\/a80c6de45ebd2a041415ba17879ff7309ead51f6","reference":"a80c6de45ebd2a041415ba17879ff7309ead51f6","shasum":""},"type":"library","time":"2017-06-09T14:32:47+00:00","autoload":{"psr-4":{"Symfony\\Polyfill\\":"src\/"},"files":["src\/Apcu\/bootstrap.php","src\/Php54\/bootstrap.php","src\/Php55\/bootstrap.php","src\/Php56\/bootstrap.php","src\/Php70\/bootstrap.php","src\/Php71\/bootstrap.php","src\/Php72\/bootstrap.php","src\/Iconv\/bootstrap.php","src\/Intl\/Grapheme\/bootstrap.php","src\/Intl\/Icu\/bootstrap.php","src\/Intl\/Normalizer\/bootstrap.php","src\/Mbstring\/bootstrap.php"],"classmap":["src\/Intl\/Normalizer\/Resources\/stubs","src\/Php70\/Resources\/stubs","src\/Php54\/Resources\/stubs"]},"extra":{"branch-alias":{"dev-master":"1.4-dev"}},"require":{"php":">=5.3.3","ircmaxell\/password-compat":"~1.0","paragonie\/random_compat":"~1.0|~2.0","symfony\/intl":"~2.3|~3.0|~4.0"},"require-dev":{"symfony\/phpunit-bridge":"~3.2"},"replace":{"symfony\/polyfill-apcu":"self.version","symfony\/polyfill-php54":"self.version","symfony\/polyfill-php55":"self.version","symfony\/polyfill-php56":"self.version","symfony\/polyfill-php70":"self.version","symfony\/polyfill-php71":"self.version","symfony\/polyfill-php72":"self.version","symfony\/polyfill-iconv":"self.version","symfony\/polyfill-intl-grapheme":"self.version","symfony\/polyfill-intl-icu":"self.version","symfony\/polyfill-intl-normalizer":"self.version","symfony\/polyfill-mbstring":"self.version","symfony\/polyfill-util":"self.version","symfony\/polyfill-xml":"self.version"},"uid":1437002},"v1.5.0":{"name":"symfony\/polyfill","description":"Symfony polyfills backporting features to lower PHP versions","keywords":["compatibility","compat","polyfill","shim"],"homepage":"https:\/\/symfony.com","version":"v1.5.0","version_normalized":"1.5.0.0","license":["MIT"],"authors":[{"name":"Nicolas Grekas","email":"p@tchwork.com"},{"name":"Symfony Community","homepage":"https:\/\/symfony.com\/contributors"}],"source":{"type":"git","url":"https:\/\/github.com\/symfony\/polyfill.git","reference":"157dfe598da2181908ff2345cad1807b2c23f5f9"},"dist":{"type":"zip","url":"https:\/\/api.github.com\/repos\/symfony\/polyfill\/zipball\/157dfe598da2181908ff2345cad1807b2c23f5f9","reference":"157dfe598da2181908ff2345cad1807b2c23f5f9","shasum":""},"type":"library","time":"2017-08-16T07:33:06+00:00","autoload":{"psr-4":{"Symfony\\Polyfill\\":"src\/"},"files":["src\/Apcu\/bootstrap.php","src\/Php54\/bootstrap.php","src\/Php55\/bootstrap.php","src\/Php56\/bootstrap.php","src\/Php70\/bootstrap.php","src\/Php71\/bootstrap.php","src\/Php72\/bootstrap.php","src\/Iconv\/bootstrap.php","src\/Intl\/Grapheme\/bootstrap.php","src\/Intl\/Icu\/bootstrap.php","src\/Intl\/Normalizer\/bootstrap.php","src\/Mbstring\/bootstrap.php"],"classmap":["src\/Intl\/Normalizer\/Resources\/stubs","src\/Php70\/Resources\/stubs","src\/Php54\/Resources\/stubs"]},"extra":{"branch-alias":{"dev-master":"1.5-dev"}},"require":{"php":">=5.3.3","ircmaxell\/password-compat":"~1.0","paragonie\/random_compat":"~1.0|~2.0","symfony\/intl":"~2.3|~3.0|~4.0"},"require-dev":{"symfony\/phpunit-bridge":"~3.2"},"replace":{"symfony\/polyfill-apcu":"self.version","symfony\/polyfill-php54":"self.version","symfony\/polyfill-php55":"self.version","symfony\/polyfill-php56":"self.version","symfony\/polyfill-php70":"self.version","symfony\/polyfill-php71":"self.version","symfony\/polyfill-php72":"self.version","symfony\/polyfill-iconv":"self.version","symfony\/polyfill-intl-grapheme":"self.version","symfony\/polyfill-intl-icu":"self.version","symfony\/polyfill-intl-normalizer":"self.version","symfony\/polyfill-mbstring":"self.version","symfony\/polyfill-util":"self.version","symfony\/polyfill-xml":"self.version"},"uid":1557063}},"symfony\/polyfill-php55":{"dev-master":{"name":"symfony\/polyfill-php55","description":"Symfony polyfill backporting some PHP 5.5+ features to lower PHP versions","keywords":["compatibility","portable","polyfill","shim"],"homepage":"https:\/\/symfony.com","version":"dev-master","version_normalized":"9999999-dev","license":["MIT"],"authors":[{"name":"Nicolas Grekas","email":"p@tchwork.com"},{"name":"Symfony Community","homepage":"https:\/\/symfony.com\/contributors"}],"source":{"type":"git","url":"https:\/\/github.com\/symfony\/polyfill-php55.git","reference":"29b1381d66f16e0581aab0b9f678ccf073288f68"},"dist":{"type":"zip","url":"https:\/\/api.github.com\/repos\/symfony\/polyfill-php55\/zipball\/29b1381d66f16e0581aab0b9f678ccf073288f68","reference":"29b1381d66f16e0581aab0b9f678ccf073288f68","shasum":""},"type":"library","time":"2017-06-14T15:44:48+00:00","autoload":{"psr-4":{"Symfony\\Polyfill\\Php55\\":""},"files":["bootstrap.php"]},"extra":{"branch-alias":{"dev-master":"1.5-dev"}},"require":{"php":">=5.3.3","ircmaxell\/password-compat":"~1.0"},"uid":562032},"v1.0.0":{"name":"symfony\/polyfill-php55","description":"Symfony polyfill backporting some PHP 5.5+ features to lower PHP versions","keywords":["compatibility","portable","polyfill","shim"],"homepage":"https:\/\/symfony.com","version":"v1.0.0","version_normalized":"1.0.0.0","license":["MIT"],"authors":[{"name":"Nicolas Grekas","email":"p@tchwork.com"},{"name":"Symfony Community","homepage":"https:\/\/symfony.com\/contributors"}],"source":{"type":"git","url":"https:\/\/github.com\/symfony\/polyfill-php55.git","reference":"3adc962a6250c02adb508e85ecfa6fcfee9eec47"},"dist":{"type":"zip","url":"https:\/\/api.github.com\/repos\/symfony\/polyfill-php55\/zipball\/3adc962a6250c02adb508e85ecfa6fcfee9eec47","reference":"3adc962a6250c02adb508e85ecfa6fcfee9eec47","shasum":""},"type":"library","time":"2015-11-04T20:28:58+00:00","autoload":{"psr-4":{"Symfony\\Polyfill\\Php55\\":""},"files":["bootstrap.php"]},"extra":{"branch-alias":{"dev-master":"1.0-dev"}},"require":{"php":">=5.3.3","ircmaxell\/password-compat":"~1.0"},"uid":573966},"v1.0.1":{"name":"symfony\/polyfill-php55","description":"Symfony polyfill backporting some PHP 5.5+ features to lower PHP versions","keywords":["compatibility","portable","polyfill","shim"],"homepage":"https:\/\/symfony.com","version":"v1.0.1","version_normalized":"1.0.1.0","license":["MIT"],"authors":[{"name":"Nicolas Grekas","email":"p@tchwork.com"},{"name":"Symfony Community","homepage":"https:\/\/symfony.com\/contributors"}],"source":{"type":"git","url":"https:\/\/github.com\/symfony\/polyfill-php55.git","reference":"3adc962a6250c02adb508e85ecfa6fcfee9eec47"},"dist":{"type":"zip","url":"https:\/\/api.github.com\/repos\/symfony\/polyfill-php55\/zipball\/3adc962a6250c02adb508e85ecfa6fcfee9eec47","reference":"3adc962a6250c02adb508e85ecfa6fcfee9eec47","shasum":""},"type":"library","time":"2015-11-04T20:28:58+00:00","autoload":{"psr-4":{"Symfony\\Polyfill\\Php55\\":""},"files":["bootstrap.php"]},"extra":{"branch-alias":{"dev-master":"1.0-dev"}},"require":{"php":">=5.3.3","ircmaxell\/password-compat":"~1.0"},"uid":635246},"v1.1.0":{"name":"symfony\/polyfill-php55","description":"Symfony polyfill backporting some PHP 5.5+ features to lower PHP versions","keywords":["compatibility","portable","polyfill","shim"],"homepage":"https:\/\/symfony.com","version":"v1.1.0","version_normalized":"1.1.0.0","license":["MIT"],"authors":[{"name":"Nicolas Grekas","email":"p@tchwork.com"},{"name":"Symfony Community","homepage":"https:\/\/symfony.com\/contributors"}],"source":{"type":"git","url":"https:\/\/github.com\/symfony\/polyfill-php55.git","reference":"b4f3f07d91702f8f926339fc4fcf81671d8c27e6"},"dist":{"type":"zip","url":"https:\/\/api.github.com\/repos\/symfony\/polyfill-php55\/zipball\/b4f3f07d91702f8f926339fc4fcf81671d8c27e6","reference":"b4f3f07d91702f8f926339fc4fcf81671d8c27e6","shasum":""},"type":"library","time":"2016-01-20T09:13:37+00:00","autoload":{"psr-4":{"Symfony\\Polyfill\\Php55\\":""},"files":["bootstrap.php"]},"extra":{"branch-alias":{"dev-master":"1.1-dev"}},"require":{"php":">=5.3.3","ircmaxell\/password-compat":"~1.0"},"uid":670773},"v1.1.1":{"name":"symfony\/polyfill-php55","description":"Symfony polyfill backporting some PHP 5.5+ features to lower PHP versions","keywords":["compatibility","portable","polyfill","shim"],"homepage":"https:\/\/symfony.com","version":"v1.1.1","version_normalized":"1.1.1.0","license":["MIT"],"authors":[{"name":"Nicolas Grekas","email":"p@tchwork.com"},{"name":"Symfony Community","homepage":"https:\/\/symfony.com\/contributors"}],"source":{"type":"git","url":"https:\/\/github.com\/symfony\/polyfill-php55.git","reference":"b4f3f07d91702f8f926339fc4fcf81671d8c27e6"},"dist":{"type":"zip","url":"https:\/\/api.github.com\/repos\/symfony\/polyfill-php55\/zipball\/b4f3f07d91702f8f926339fc4fcf81671d8c27e6","reference":"b4f3f07d91702f8f926339fc4fcf81671d8c27e6","shasum":""},"type":"library","time":"2016-01-20T09:13:37+00:00","autoload":{"psr-4":{"Symfony\\Polyfill\\Php55\\":""},"files":["bootstrap.php"]},"extra":{"branch-alias":{"dev-master":"1.1-dev"}},"require":{"php":">=5.3.3","ircmaxell\/password-compat":"~1.0"},"uid":730509},"v1.2.0":{"name":"symfony\/polyfill-php55","description":"Symfony polyfill backporting some PHP 5.5+ features to lower PHP versions","keywords":["compatibility","portable","polyfill","shim"],"homepage":"https:\/\/symfony.com","version":"v1.2.0","version_normalized":"1.2.0.0","license":["MIT"],"authors":[{"name":"Nicolas Grekas","email":"p@tchwork.com"},{"name":"Symfony Community","homepage":"https:\/\/symfony.com\/contributors"}],"source":{"type":"git","url":"https:\/\/github.com\/symfony\/polyfill-php55.git","reference":"bf2ff9ad6be1a4772cb873e4eea94d70daa95c6d"},"dist":{"type":"zip","url":"https:\/\/api.github.com\/repos\/symfony\/polyfill-php55\/zipball\/bf2ff9ad6be1a4772cb873e4eea94d70daa95c6d","reference":"bf2ff9ad6be1a4772cb873e4eea94d70daa95c6d","shasum":""},"type":"library","time":"2016-05-18T14:26:46+00:00","autoload":{"psr-4":{"Symfony\\Polyfill\\Php55\\":""},"files":["bootstrap.php"]},"extra":{"branch-alias":{"dev-master":"1.2-dev"}},"require":{"php":">=5.3.3","ircmaxell\/password-compat":"~1.0"},"uid":826288},"v1.3.0":{"name":"symfony\/polyfill-php55","description":"Symfony polyfill backporting some PHP 5.5+ features to lower PHP versions","keywords":["compatibility","portable","polyfill","shim"],"homepage":"https:\/\/symfony.com","version":"v1.3.0","version_normalized":"1.3.0.0","license":["MIT"],"authors":[{"name":"Nicolas Grekas","email":"p@tchwork.com"},{"name":"Symfony Community","homepage":"https:\/\/symfony.com\/contributors"}],"source":{"type":"git","url":"https:\/\/github.com\/symfony\/polyfill-php55.git","reference":"03e3f0350bca2220e3623a0e340eef194405fc67"},"dist":{"type":"zip","url":"https:\/\/api.github.com\/repos\/symfony\/polyfill-php55\/zipball\/03e3f0350bca2220e3623a0e340eef194405fc67","reference":"03e3f0350bca2220e3623a0e340eef194405fc67","shasum":""},"type":"library","time":"2016-11-14T01:06:16+00:00","autoload":{"psr-4":{"Symfony\\Polyfill\\Php55\\":""},"files":["bootstrap.php"]},"extra":{"branch-alias":{"dev-master":"1.3-dev"}},"require":{"php":">=5.3.3","ircmaxell\/password-compat":"~1.0"},"uid":1079324},"v1.3.1":{"name":"symfony\/polyfill-php55","description":"Symfony polyfill backporting some PHP 5.5+ features to lower PHP versions","keywords":["compatibility","portable","polyfill","shim"],"homepage":"https:\/\/symfony.com","version":"v1.3.1","version_normalized":"1.3.1.0","license":["MIT"],"authors":[{"name":"Nicolas Grekas","email":"p@tchwork.com"},{"name":"Symfony Community","homepage":"https:\/\/symfony.com\/contributors"}],"source":{"type":"git","url":"https:\/\/github.com\/symfony\/polyfill-php55.git","reference":"03e3f0350bca2220e3623a0e340eef194405fc67"},"dist":{"type":"zip","url":"https:\/\/api.github.com\/repos\/symfony\/polyfill-php55\/zipball\/03e3f0350bca2220e3623a0e340eef194405fc67","reference":"03e3f0350bca2220e3623a0e340eef194405fc67","shasum":""},"type":"library","time":"2016-11-14T01:06:16+00:00","autoload":{"psr-4":{"Symfony\\Polyfill\\Php55\\":""},"files":["bootstrap.php"]},"extra":{"branch-alias":{"dev-master":"1.3-dev"}},"require":{"php":">=5.3.3","ircmaxell\/password-compat":"~1.0"},"uid":1436926},"v1.4.0":{"name":"symfony\/polyfill-php55","description":"Symfony polyfill backporting some PHP 5.5+ features to lower PHP versions","keywords":["compatibility","portable","polyfill","shim"],"homepage":"https:\/\/symfony.com","version":"v1.4.0","version_normalized":"1.4.0.0","license":["MIT"],"authors":[{"name":"Nicolas Grekas","email":"p@tchwork.com"},{"name":"Symfony Community","homepage":"https:\/\/symfony.com\/contributors"}],"source":{"type":"git","url":"https:\/\/github.com\/symfony\/polyfill-php55.git","reference":"94566239a7720cde0820f15f0cc348ddb51ba51d"},"dist":{"type":"zip","url":"https:\/\/api.github.com\/repos\/symfony\/polyfill-php55\/zipball\/94566239a7720cde0820f15f0cc348ddb51ba51d","reference":"94566239a7720cde0820f15f0cc348ddb51ba51d","shasum":""},"type":"library","time":"2017-06-09T08:25:21+00:00","autoload":{"psr-4":{"Symfony\\Polyfill\\Php55\\":""},"files":["bootstrap.php"]},"extra":{"branch-alias":{"dev-master":"1.4-dev"}},"require":{"php":">=5.3.3","ircmaxell\/password-compat":"~1.0"},"uid":1437017},"v1.5.0":{"name":"symfony\/polyfill-php55","description":"Symfony polyfill backporting some PHP 5.5+ features to lower PHP versions","keywords":["compatibility","portable","polyfill","shim"],"homepage":"https:\/\/symfony.com","version":"v1.5.0","version_normalized":"1.5.0.0","license":["MIT"],"authors":[{"name":"Nicolas Grekas","email":"p@tchwork.com"},{"name":"Symfony Community","homepage":"https:\/\/symfony.com\/contributors"}],"source":{"type":"git","url":"https:\/\/github.com\/symfony\/polyfill-php55.git","reference":"29b1381d66f16e0581aab0b9f678ccf073288f68"},"dist":{"type":"zip","url":"https:\/\/api.github.com\/repos\/symfony\/polyfill-php55\/zipball\/29b1381d66f16e0581aab0b9f678ccf073288f68","reference":"29b1381d66f16e0581aab0b9f678ccf073288f68","shasum":""},"type":"library","time":"2017-06-14T15:44:48+00:00","autoload":{"psr-4":{"Symfony\\Polyfill\\Php55\\":""},"files":["bootstrap.php"]},"extra":{"branch-alias":{"dev-master":"1.5-dev"}},"require":{"php":">=5.3.3","ircmaxell\/password-compat":"~1.0"},"uid":1557073}}}}